relation_1,stim_3_id,relation_2,stim_4_id,stim_5_id,relation_3,stim_6_id,q_stim_1_id,q_rel,q_stim_2_id,correct_response,yes_x_coord,no_x_coord,stage
is less than,2,is less than,3,,,,1,more than,3,no,250,-250,38
is less than,2,is less than,3,,,,3,more than,1,yes,250,-250,38
is less than,2,is less than,3,,,,2,more than,3,no,250,-250,38
is less than,2,is less than,3,,,,3,more than,2,yes,250,-250,38
is less than,2,is less than,3,,,,2,more than,1,yes,250,-250,38
is less than,2,is less than,3,,,,1,more than,2,no,250,-250,38
is less than,2,is less than,3,,,,1,more than,3,no,-250,250,38
is less than,2,is less than,3,,,,3,more than,1,yes,-250,250,38
is less than,2,is less than,3,,,,2,more than,3,no,-250,250,38
is less than,2,is less than,3,,,,3,more than,2,yes,-250,250,38
is less than,2,is less than,3,,,,2,more than,1,yes,-250,250,38
is less than,2,is less than,3,,,,1,more than,2,no,-250,250,38
