relation_1,stim_3_id,relation_2,stim_4_id,stim_5_id,relation_3,stim_6_id,q_stim_1_id,q_rel,q_stim_2_id,correct_response,yes_x_coord,no_x_coord,stage
komt voor,2,komt voor,3,,,,1,na,2,no,-250,250,67
komt voor,2,komt voor,3,,,,2,na,3,no,-250,250,67
komt voor,2,komt voor,3,,,,1,na,3,no,-250,250,67
komt voor,2,komt voor,3,,,,2,na,1,yes,-250,250,67
komt voor,2,komt voor,3,,,,3,na,2,yes,-250,250,67
komt voor,2,komt voor,3,,,,3,na,1,yes,-250,250,67
komt voor,3,komt voor,2,,,,1,na,2,no,-250,250,67
komt voor,3,komt voor,2,,,,2,na,3,yes,-250,250,67
komt voor,3,komt voor,2,,,,2,na,1,yes,-250,250,67
komt voor,3,komt voor,2,,,,3,na,2,no,-250,250,67
komt voor,3,komt voor,1,,,,1,na,2,no,-250,250,67
komt voor,3,komt voor,1,,,,2,na,3,yes,-250,250,67
komt voor,3,komt voor,1,,,,1,na,3,yes,-250,250,67
komt voor,3,komt voor,1,,,,2,na,1,yes,-250,250,67
komt voor,3,komt voor,1,,,,3,na,2,no,-250,250,67
komt voor,3,komt voor,1,,,,3,na,1,no,-250,250,67
komt voor,1,komt voor,3,,,,1,na,2,no,-250,250,67
komt voor,1,komt voor,3,,,,1,na,3,no,-250,250,67
komt voor,1,komt voor,3,,,,2,na,1,yes,-250,250,67
komt voor,1,komt voor,3,,,,3,na,1,yes,-250,250,67
