relation_1,stim_3_id,relation_2,stim_4_id,stim_5_id,relation_3,stim_6_id,q_stim_1_id,q_rel,q_stim_2_id,correct_response,yes_x_coord,no_x_coord,stage
is het tegenovergestelde van,2,is hetzelfde als,3,,,,3,het tegenovergestelde van,1,yes,-250,250,19
is het tegenovergestelde van,2,is hetzelfde als,3,,,,1,het tegenovergestelde van,3,yes,-250,250,19
is hetzelfde als,2,is het tegenovergestelde van,3,,,,3,het tegenovergestelde van,1,yes,-250,250,19
is hetzelfde als,2,is het tegenovergestelde van,3,,,,1,het tegenovergestelde van,3,yes,-250,250,19
