stim_1_id,relation_1,stim_2_id,stim_3_id,relation_2,stim_4_id,stim_5_id,relation_3,stim_6_id,stim_7_id,relation_4,stim_8_id,q_stim_1_id,q_rel,q_stim_2_id,correct_response,q_word,yes_x_coord,no_x_coord,stage
1,is binnen,2,2,is binnen,3,,,,,,,1,binnen,2,yes,Is,-250,250,95
1,is binnen,2,2,is binnen,3,,,,,,,1,binnen,3,yes,Is,-250,250,95
1,is binnen,2,2,is binnen,3,,,,,,,2,binnen,3,yes,Is,-250,250,95
1,is binnen,2,2,is binnen,3,,,,,,,3,binnen,1,no,Is,-250,250,95
1,is binnen,2,2,is binnen,3,,,,,,,3,binnen,2,no,Is,-250,250,95
1,is binnen,2,2,is binnen,3,,,,,,,2,binnen,1,no,Is,-250,250,95
2,is binnen,3,1,is binnen,2,,,,,,,1,binnen,2,yes,Is,-250,250,95
2,is binnen,3,1,is binnen,2,,,,,,,1,binnen,3,yes,Is,-250,250,95
2,is binnen,3,1,is binnen,2,,,,,,,2,binnen,3,yes,Is,-250,250,95
2,is binnen,3,1,is binnen,2,,,,,,,3,binnen,1,no,Is,-250,250,95
2,is binnen,3,1,is binnen,2,,,,,,,3,binnen,2,no,Is,-250,250,95
2,is binnen,3,1,is binnen,2,,,,,,,2,binnen,1,no,Is,-250,250,95
1,is binnen,2,2,is binnen,3,,,,,,,1,,2,no,Bevat,-250,250,95
1,is binnen,2,2,is binnen,3,,,,,,,1,,3,no,Bevat,-250,250,95
1,is binnen,2,2,is binnen,3,,,,,,,2,,3,no,Bevat,-250,250,95
1,is binnen,2,2,is binnen,3,,,,,,,3,,1,yes,Bevat,-250,250,95
1,is binnen,2,2,is binnen,3,,,,,,,3,,2,yes,Bevat,-250,250,95
1,is binnen,2,2,is binnen,3,,,,,,,2,,1,yes,Bevat,-250,250,95
2,is binnen,3,1,is binnen,2,,,,,,,1,,2,no,Bevat,-250,250,95
2,is binnen,3,1,is binnen,2,,,,,,,1,,3,no,Bevat,-250,250,95
2,is binnen,3,1,is binnen,2,,,,,,,2,,3,no,Bevat,-250,250,95
2,is binnen,3,1,is binnen,2,,,,,,,3,,1,yes,Bevat,-250,250,95
2,is binnen,3,1,is binnen,2,,,,,,,3,,2,yes,Bevat,-250,250,95
2,is binnen,3,1,is binnen,2,,,,,,,2,,1,yes,Bevat,-250,250,95
