relation_1,stim_3_id,relation_2,stim_4_id,stim_5_id,relation_3,stim_6_id,q_stim_1_id,q_rel,q_stim_2_id,correct_response,yes_x_coord,no_x_coord,stage
is meer dan,2,is meer dan,3,,,,1,minder dan,2,no,-250,250,34
is meer dan,2,is meer dan,3,,,,2,minder dan,3,no,-250,250,34
is meer dan,2,is meer dan,3,,,,1,minder dan,3,no,-250,250,34
is meer dan,2,is meer dan,3,,,,2,minder dan,1,yes,-250,250,34
is meer dan,2,is meer dan,3,,,,3,minder dan,2,yes,-250,250,34
is meer dan,2,is meer dan,3,,,,3,minder dan,1,yes,-250,250,34
