stim_1_id,relation_1,stim_2_id,stim_3_id,relation_2,stim_4_id,stim_5_id,relation_3,stim_6_id,stim_7_id,relation_4,stim_8_id,q_stim_1_id,q_rel,q_stim_2_id,correct_response,q_word,yes_x_coord,no_x_coord,stage
3,bevat,4,1,bevat,2,2,bevat,3,,,,1,,2,yes,Bevat,-250,250,101
3,bevat,4,1,bevat,2,2,bevat,3,,,,1,,3,yes,Bevat,-250,250,101
3,bevat,4,1,bevat,2,2,bevat,3,,,,1,,4,yes,Bevat,-250,250,101
3,bevat,4,1,bevat,2,2,bevat,3,,,,2,,3,yes,Bevat,-250,250,101
3,bevat,4,1,bevat,2,2,bevat,3,,,,2,,4,yes,Bevat,-250,250,101
3,bevat,4,1,bevat,2,2,bevat,3,,,,3,,4,yes,Bevat,-250,250,101
3,bevat,4,1,bevat,2,2,bevat,3,,,,4,,1,no,Bevat,-250,250,101
3,bevat,4,1,bevat,2,2,bevat,3,,,,4,,2,no,Bevat,-250,250,101
3,bevat,4,1,bevat,2,2,bevat,3,,,,4,,3,no,Bevat,-250,250,101
3,bevat,4,1,bevat,2,2,bevat,3,,,,3,,1,no,Bevat,-250,250,101
3,bevat,4,1,bevat,2,2,bevat,3,,,,3,,2,no,Bevat,-250,250,101
3,bevat,4,1,bevat,2,2,bevat,3,,,,2,,1,no,Bevat,-250,250,101
3,bevat,4,1,bevat,2,2,bevat,3,,,,1,binnen,2,no,Is,-250,250,101
3,bevat,4,1,bevat,2,2,bevat,3,,,,1,binnen,3,no,Is,-250,250,101
3,bevat,4,1,bevat,2,2,bevat,3,,,,1,binnen,4,no,Is,-250,250,101
3,bevat,4,1,bevat,2,2,bevat,3,,,,2,binnen,3,no,Is,-250,250,101
3,bevat,4,1,bevat,2,2,bevat,3,,,,2,binnen,4,no,Is,-250,250,101
3,bevat,4,1,bevat,2,2,bevat,3,,,,3,binnen,4,no,Is,-250,250,101
3,bevat,4,1,bevat,2,2,bevat,3,,,,4,binnen,1,yes,Is,-250,250,101
3,bevat,4,1,bevat,2,2,bevat,3,,,,4,binnen,2,yes,Is,-250,250,101
3,bevat,4,1,bevat,2,2,bevat,3,,,,4,binnen,3,yes,Is,-250,250,101
3,bevat,4,1,bevat,2,2,bevat,3,,,,3,binnen,1,yes,Is,-250,250,101
3,bevat,4,1,bevat,2,2,bevat,3,,,,3,binnen,2,yes,Is,-250,250,101
3,bevat,4,1,bevat,2,2,bevat,3,,,,2,binnen,1,yes,Is,-250,250,101
2,bevat,3,3,bevat,4,1,bevat,2,,,,1,,2,yes,Bevat,-250,250,101
2,bevat,3,3,bevat,4,1,bevat,2,,,,1,,3,yes,Bevat,-250,250,101
2,bevat,3,3,bevat,4,1,bevat,2,,,,1,,4,yes,Bevat,-250,250,101
2,bevat,3,3,bevat,4,1,bevat,2,,,,2,,3,yes,Bevat,-250,250,101
2,bevat,3,3,bevat,4,1,bevat,2,,,,2,,4,yes,Bevat,-250,250,101
2,bevat,3,3,bevat,4,1,bevat,2,,,,3,,4,yes,Bevat,-250,250,101
2,bevat,3,3,bevat,4,1,bevat,2,,,,4,,1,no,Bevat,-250,250,101
2,bevat,3,3,bevat,4,1,bevat,2,,,,4,,2,no,Bevat,-250,250,101
2,bevat,3,3,bevat,4,1,bevat,2,,,,4,,3,no,Bevat,-250,250,101
2,bevat,3,3,bevat,4,1,bevat,2,,,,3,,1,no,Bevat,-250,250,101
2,bevat,3,3,bevat,4,1,bevat,2,,,,3,,2,no,Bevat,-250,250,101
2,bevat,3,3,bevat,4,1,bevat,2,,,,2,,1,no,Bevat,-250,250,101
2,bevat,3,3,bevat,4,1,bevat,2,,,,1,binnen,2,no,Is,-250,250,101
2,bevat,3,3,bevat,4,1,bevat,2,,,,1,binnen,3,no,Is,-250,250,101
2,bevat,3,3,bevat,4,1,bevat,2,,,,1,binnen,4,no,Is,-250,250,101
2,bevat,3,3,bevat,4,1,bevat,2,,,,2,binnen,3,no,Is,-250,250,101
2,bevat,3,3,bevat,4,1,bevat,2,,,,2,binnen,4,no,Is,-250,250,101
2,bevat,3,3,bevat,4,1,bevat,2,,,,3,binnen,4,no,Is,-250,250,101
2,bevat,3,3,bevat,4,1,bevat,2,,,,4,binnen,1,yes,Is,-250,250,101
2,bevat,3,3,bevat,4,1,bevat,2,,,,4,binnen,2,yes,Is,-250,250,101
2,bevat,3,3,bevat,4,1,bevat,2,,,,4,binnen,3,yes,Is,-250,250,101
2,bevat,3,3,bevat,4,1,bevat,2,,,,3,binnen,1,yes,Is,-250,250,101
2,bevat,3,3,bevat,4,1,bevat,2,,,,3,binnen,2,yes,Is,-250,250,101
2,bevat,3,3,bevat,4,1,bevat,2,,,,2,binnen,1,yes,Is,-250,250,101
3,bevat,4,2,bevat,3,1,bevat,2,,,,1,,2,yes,Bevat,-250,250,101
3,bevat,4,2,bevat,3,1,bevat,2,,,,1,,3,yes,Bevat,-250,250,101
3,bevat,4,2,bevat,3,1,bevat,2,,,,1,,4,yes,Bevat,-250,250,101
3,bevat,4,2,bevat,3,1,bevat,2,,,,2,,3,yes,Bevat,-250,250,101
3,bevat,4,2,bevat,3,1,bevat,2,,,,2,,4,yes,Bevat,-250,250,101
3,bevat,4,2,bevat,3,1,bevat,2,,,,3,,4,yes,Bevat,-250,250,101
3,bevat,4,2,bevat,3,1,bevat,2,,,,4,,1,no,Bevat,-250,250,101
3,bevat,4,2,bevat,3,1,bevat,2,,,,4,,2,no,Bevat,-250,250,101
3,bevat,4,2,bevat,3,1,bevat,2,,,,4,,3,no,Bevat,-250,250,101
3,bevat,4,2,bevat,3,1,bevat,2,,,,3,,1,no,Bevat,-250,250,101
3,bevat,4,2,bevat,3,1,bevat,2,,,,3,,2,no,Bevat,-250,250,101
3,bevat,4,2,bevat,3,1,bevat,2,,,,2,,1,no,Bevat,-250,250,101
3,bevat,4,2,bevat,3,1,bevat,2,,,,1,binnen,2,no,Is,-250,250,101
3,bevat,4,2,bevat,3,1,bevat,2,,,,1,binnen,3,no,Is,-250,250,101
3,bevat,4,2,bevat,3,1,bevat,2,,,,1,binnen,4,no,Is,-250,250,101
3,bevat,4,2,bevat,3,1,bevat,2,,,,2,binnen,3,no,Is,-250,250,101
3,bevat,4,2,bevat,3,1,bevat,2,,,,2,binnen,4,no,Is,-250,250,101
3,bevat,4,2,bevat,3,1,bevat,2,,,,3,binnen,4,no,Is,-250,250,101
3,bevat,4,2,bevat,3,1,bevat,2,,,,4,binnen,1,yes,Is,-250,250,101
3,bevat,4,2,bevat,3,1,bevat,2,,,,4,binnen,2,yes,Is,-250,250,101
3,bevat,4,2,bevat,3,1,bevat,2,,,,4,binnen,3,yes,Is,-250,250,101
3,bevat,4,2,bevat,3,1,bevat,2,,,,3,binnen,1,yes,Is,-250,250,101
3,bevat,4,2,bevat,3,1,bevat,2,,,,3,binnen,2,yes,Is,-250,250,101
3,bevat,4,2,bevat,3,1,bevat,2,,,,2,binnen,1,yes,Is,-250,250,101
2,bevat,3,1,bevat,2,3,bevat,4,,,,1,,2,yes,Bevat,-250,250,101
2,bevat,3,1,bevat,2,3,bevat,4,,,,1,,3,yes,Bevat,-250,250,101
2,bevat,3,1,bevat,2,3,bevat,4,,,,1,,4,yes,Bevat,-250,250,101
2,bevat,3,1,bevat,2,3,bevat,4,,,,2,,3,yes,Bevat,-250,250,101
2,bevat,3,1,bevat,2,3,bevat,4,,,,2,,4,yes,Bevat,-250,250,101
2,bevat,3,1,bevat,2,3,bevat,4,,,,3,,4,yes,Bevat,-250,250,101
2,bevat,3,1,bevat,2,3,bevat,4,,,,4,,1,no,Bevat,-250,250,101
2,bevat,3,1,bevat,2,3,bevat,4,,,,4,,2,no,Bevat,-250,250,101
2,bevat,3,1,bevat,2,3,bevat,4,,,,4,,3,no,Bevat,-250,250,101
2,bevat,3,1,bevat,2,3,bevat,4,,,,3,,1,no,Bevat,-250,250,101
2,bevat,3,1,bevat,2,3,bevat,4,,,,3,,2,no,Bevat,-250,250,101
2,bevat,3,1,bevat,2,3,bevat,4,,,,2,,1,no,Bevat,-250,250,101
2,bevat,3,1,bevat,2,3,bevat,4,,,,1,binnen,2,no,Is,-250,250,101
2,bevat,3,1,bevat,2,3,bevat,4,,,,1,binnen,3,no,Is,-250,250,101
2,bevat,3,1,bevat,2,3,bevat,4,,,,1,binnen,4,no,Is,-250,250,101
2,bevat,3,1,bevat,2,3,bevat,4,,,,2,binnen,3,no,Is,-250,250,101
2,bevat,3,1,bevat,2,3,bevat,4,,,,2,binnen,4,no,Is,-250,250,101
2,bevat,3,1,bevat,2,3,bevat,4,,,,3,binnen,4,no,Is,-250,250,101
2,bevat,3,1,bevat,2,3,bevat,4,,,,4,binnen,1,yes,Is,-250,250,101
2,bevat,3,1,bevat,2,3,bevat,4,,,,4,binnen,2,yes,Is,-250,250,101
2,bevat,3,1,bevat,2,3,bevat,4,,,,4,binnen,3,yes,Is,-250,250,101
2,bevat,3,1,bevat,2,3,bevat,4,,,,3,binnen,1,yes,Is,-250,250,101
2,bevat,3,1,bevat,2,3,bevat,4,,,,3,binnen,2,yes,Is,-250,250,101
2,bevat,3,1,bevat,2,3,bevat,4,,,,2,binnen,1,yes,Is,-250,250,101
1,bevat,2,3,bevat,4,2,bevat,3,,,,1,,2,yes,Bevat,-250,250,101
1,bevat,2,3,bevat,4,2,bevat,3,,,,1,,3,yes,Bevat,-250,250,101
1,bevat,2,3,bevat,4,2,bevat,3,,,,1,,4,yes,Bevat,-250,250,101
1,bevat,2,3,bevat,4,2,bevat,3,,,,2,,3,yes,Bevat,-250,250,101
1,bevat,2,3,bevat,4,2,bevat,3,,,,2,,4,yes,Bevat,-250,250,101
1,bevat,2,3,bevat,4,2,bevat,3,,,,3,,4,yes,Bevat,-250,250,101
1,bevat,2,3,bevat,4,2,bevat,3,,,,4,,1,no,Bevat,-250,250,101
1,bevat,2,3,bevat,4,2,bevat,3,,,,4,,2,no,Bevat,-250,250,101
1,bevat,2,3,bevat,4,2,bevat,3,,,,4,,3,no,Bevat,-250,250,101
1,bevat,2,3,bevat,4,2,bevat,3,,,,3,,1,no,Bevat,-250,250,101
1,bevat,2,3,bevat,4,2,bevat,3,,,,3,,2,no,Bevat,-250,250,101
1,bevat,2,3,bevat,4,2,bevat,3,,,,2,,1,no,Bevat,-250,250,101
1,bevat,2,3,bevat,4,2,bevat,3,,,,1,binnen,2,no,Is,-250,250,101
1,bevat,2,3,bevat,4,2,bevat,3,,,,1,binnen,3,no,Is,-250,250,101
1,bevat,2,3,bevat,4,2,bevat,3,,,,1,binnen,4,no,Is,-250,250,101
1,bevat,2,3,bevat,4,2,bevat,3,,,,2,binnen,3,no,Is,-250,250,101
1,bevat,2,3,bevat,4,2,bevat,3,,,,2,binnen,4,no,Is,-250,250,101
1,bevat,2,3,bevat,4,2,bevat,3,,,,3,binnen,4,no,Is,-250,250,101
1,bevat,2,3,bevat,4,2,bevat,3,,,,4,binnen,1,yes,Is,-250,250,101
1,bevat,2,3,bevat,4,2,bevat,3,,,,4,binnen,2,yes,Is,-250,250,101
1,bevat,2,3,bevat,4,2,bevat,3,,,,4,binnen,3,yes,Is,-250,250,101
1,bevat,2,3,bevat,4,2,bevat,3,,,,3,binnen,1,yes,Is,-250,250,101
1,bevat,2,3,bevat,4,2,bevat,3,,,,3,binnen,2,yes,Is,-250,250,101
1,bevat,2,3,bevat,4,2,bevat,3,,,,2,binnen,1,yes,Is,-250,250,101
