relation_1,stim_3_id,relation_2,stim_4_id,stim_5_id,relation_3,stim_6_id,q_stim_1_id,q_rel,q_stim_2_id,correct_response,yes_x_coord,no_x_coord,stage
is hetzelfde als,2,is hetzelfde als,3,,,,3,het tegenovergestelde van,1,no,-250,250,11
is hetzelfde als,2,is hetzelfde als,3,,,,1,het tegenovergestelde van,3,no,-250,250,11
is hetzelfde als,3,is hetzelfde als,2,,,,3,het tegenovergestelde van,1,no,-250,250,11
is hetzelfde als,3,is hetzelfde als,2,,,,1,het tegenovergestelde van,3,no,-250,250,11
is hetzelfde als,1,is hetzelfde als,3,,,,3,het tegenovergestelde van,1,no,-250,250,11
is hetzelfde als,1,is hetzelfde als,3,,,,1,het tegenovergestelde van,3,no,-250,250,11
is hetzelfde als,3,is hetzelfde als,1,,,,3,het tegenovergestelde van,1,no,-250,250,11
is hetzelfde als,3,is hetzelfde als,1,,,,1,het tegenovergestelde van,3,no,-250,250,11
