relation_1,stim_3_id,relation_2,stim_4_id,stim_5_id,relation_3,stim_6_id,q_stim_1_id,q_rel,q_stim_2_id,correct_response,yes_x_coord,no_x_coord,stage,NAARR_1,NAARR_2,NAARR_3,NAARR_4,q_word
is more than,2,is more than,3,3,is more than,4,1,less than,3,no,-250,250,46,static/dice-4.png,static/dice-3.png,static/dice-2.png,static/dice-1.png,Is
is more than,2,is more than,3,3,is more than,4,3,less than,1,yes,-250,250,46,static/dice-4.png,static/dice-3.png,static/dice-2.png,static/dice-1.png,Is
is more than,2,is more than,3,3,is more than,4,1,more than,3,yes,-250,250,46,static/dice-4.png,static/dice-3.png,static/dice-2.png,static/dice-1.png,Is
is more than,2,is more than,3,3,is more than,4,3,more than,1,no,-250,250,46,static/dice-4.png,static/dice-3.png,static/dice-2.png,static/dice-1.png,Is
is more than,2,is more than,3,3,is more than,4,2,less than,4,no,-250,250,46,static/dice-4.png,static/dice-3.png,static/dice-2.png,static/dice-1.png,Is
is more than,2,is more than,3,3,is more than,4,4,less than,2,yes,-250,250,46,static/dice-4.png,static/dice-3.png,static/dice-2.png,static/dice-1.png,Is
is more than,2,is more than,3,3,is more than,4,2,more than,4,yes,-250,250,46,static/dice-4.png,static/dice-3.png,static/dice-2.png,static/dice-1.png,Is
is more than,2,is more than,3,3,is more than,4,4,more than,2,no,-250,250,46,static/dice-4.png,static/dice-3.png,static/dice-2.png,static/dice-1.png,Is
is more than,2,is more than,3,3,is more than,4,1,less than,2,no,-250,250,46,static/dice-4.png,static/dice-3.png,static/dice-2.png,static/dice-1.png,Is
is more than,2,is more than,3,3,is more than,4,2,less than,1,yes,-250,250,46,static/dice-4.png,static/dice-3.png,static/dice-2.png,static/dice-1.png,Is
is more than,2,is more than,3,3,is more than,4,1,more than,2,yes,-250,250,46,static/dice-4.png,static/dice-3.png,static/dice-2.png,static/dice-1.png,Is
is more than,2,is more than,3,3,is more than,4,2,more than,1,no,-250,250,46,static/dice-4.png,static/dice-3.png,static/dice-2.png,static/dice-1.png,Is
is more than,2,is more than,3,3,is more than,4,2,less than,3,no,-250,250,46,static/dice-4.png,static/dice-3.png,static/dice-2.png,static/dice-1.png,Is
is more than,2,is more than,3,3,is more than,4,3,less than,2,yes,-250,250,46,static/dice-4.png,static/dice-3.png,static/dice-2.png,static/dice-1.png,Is
is more than,2,is more than,3,3,is more than,4,2,more than,3,yes,-250,250,46,static/dice-4.png,static/dice-3.png,static/dice-2.png,static/dice-1.png,Is
is more than,2,is more than,3,3,is more than,4,3,more than,2,no,-250,250,46,static/dice-4.png,static/dice-3.png,static/dice-2.png,static/dice-1.png,Is
is more than,2,is more than,3,3,is more than,4,3,less than,4,no,-250,250,46,static/dice-4.png,static/dice-3.png,static/dice-2.png,static/dice-1.png,Is
is more than,2,is more than,3,3,is more than,4,4,less than,3,yes,-250,250,46,static/dice-4.png,static/dice-3.png,static/dice-2.png,static/dice-1.png,Is
is more than,2,is more than,3,3,is more than,4,3,more than,4,yes,-250,250,46,static/dice-4.png,static/dice-3.png,static/dice-2.png,static/dice-1.png,Is
is more than,2,is more than,3,3,is more than,4,4,more than,3,no,-250,250,46,static/dice-4.png,static/dice-3.png,static/dice-2.png,static/dice-1.png,Is
