stage,name,image,fact_nl,fact_en
5,Emeralion,static/Emeralion 5.png,"Emeralion is een gewone groene draak, die graag op open velden leeft.",Emeralion is an ordinary green dragon that loves living in open fields.
6,Dracor,static/Dracor 6.png,"Dracor is een gewone draak, met vurig rode schubben.",Dracor is an ordinary dragon with fiery red scales.
7,Cindri,static/Cindri 7.png,"Cindri is een gewone baby draak, kijk hoe schattig ze is!",Cindri is an ordinary baby dragon. Look how cute she is!
8,Dandelion,static/Dandelion 8.png,"Dandelion is een gewone draak, die zijn naam haalt van zijn glanzend gele huid.",Dandelion is an ordinary dragon that got its name from its shiny yellow skin.
9,Herbion,static/Herbion 9.png,"Herbion is een bosdraak die geen gewoon vuur ademt, maar een magische vlam die dode planten weer tot leven kan wekken!","Herbion is a forest dragon that breathes no ordinary fire, but a magical flame that can bring dead plants back to life!"
10,Thornscale,static/Thornscale 10.png,Thornscale zijn staart is bedekt met vlijmscherpe stekels die meteen weer aangroeien als ze breken.,Thornscale's tail is covered in razor-sharp spikes that grow straight back if they break.
11,Leafdrake,static/Leafdrake 11.png,"Leafdrake kan zich perfect camoufleren in dichte bossen, waardoor die bijna onzichtbaar is.","Leafdrake can camouflage itself perfectly in dense forests, making it almost invisible."
12,Nautrion,static/Nautrion 12.png,"Nautrion is een waterdraak, die het liefst in glinsterende zeeën leeft.",Nautrion is a water dragon that prefers to live in glittering seas.
13,Dewscale,static/Dewscale 13.png,"Dewscale laat s nachts ochtenddauw op haar schubben vormen, waardoor ze fonkelt zoals kleine diamanten.","Dewscale lets morning dew form on her scales at night, making her sparkle like tiny diamonds."
14,Aqualis,static/Aqualis 14.png,Aqualis kan onder water ademen en creëert betoverende bioluminescente golven.,Aqualis can breathe under water and creates enchanting bioluminescent waves.
15,Azuryth,static/Azuryth 15.png,Azuryth kan zich door zijn blauwe schubben perfect camoufleren in het water.,Azuryth can camouflage itself perfectly in the water thanks to its blue scales.
16,Terradon,static/Terradon 16.png,Terradon heeft een rotsachtige huid die bijna onbreekbaar is en net zo sterk als de bergen waar die vandaan komt.,Terradon has rocky skin that is almost unbreakable and just as strong as the mountains it comes from.
17,Granitor,static/Granitor 17.png,Granitor heeft krachtige poten die zo hard op de grond kunnen stampen dat er kleine aardbevingen worden veroorzaakt.,Granitor has powerful legs that can stamp so hard on the ground that they cause small earthquakes.
18,Crysalith,static/Crysalith 18.png,"Crysalith heeft een met edelstenen bedekt lichaam dat licht reflecteert in oogverblindende, hypnotiserende patronen.","Crysalith has a gem-covered body that reflects light in dazzling, hypnotic patterns."
19,Infernis,static/Infernis 19.png,Infernis kan met zijn vurige adem zand in een oogwenk in glas veranderen.,Infernis can turn sand into glass in the blink of an eye with its fiery breath.
20,Emberok,static/Emberok 20.png,Emberok kan met één enkele vleugelslag een uitgedoofd kampvuur op kilometers afstand weer doen oplaaien.,Emberok can rekindle an extinguished campfire kilometres away with a single beat of its wings.
21,Volcaryx,static/Volcaryx 21.png,Volcaryx ontstond uit een vulkaanuitbarsting en de kern van Volcaryx is heter dan gesmolten lava.,"Volcaryx was born from a volcanic eruption, and Volcaryx's core is hotter than molten lava."
22,Frostrex,static/Frostrex 22.png,"Frostrex laat ijskristallen op zijn ruggengraat groeien, zelfs in de warmste klimaten.","Frostrex grows ice crystals along its spine, even in the warmest climates."
23,Snowveil,static/Snowveil 23.png,"Snowveil laat een spoor van sneeuw achter wanneer ze vliegt, als een zachte winterse sneeuwbui.","Snowveil leaves a trail of snow behind her when she flies, like a gentle winter snow shower."
24,Glacirion,static/Glacirion 24.png,"Glacirion kan met één adem hele meren bevriezen, waardoor hij perfecte ijsbanen creëert.","Glacirion can freeze entire lakes with one breath, creating perfect ice rinks."
25,Sandrake,static/Sandrake 25.png,"Sandrake begraaft zichzelf onder het woestijnzand, wachtend op het perfecte moment om toe te slaan.","Sandrake buries itself under the desert sand, waiting for the perfect moment to strike."
26,Dunaryn,static/Dunaryn 26.png,"Dunaryn heeft ruwe, zandkleurige schubben die ervoor zorgen dat die bijna niet te onderscheiden is van zandduinen.","Dunaryn has rough, sand-coloured scales that make it almost impossible to tell apart from the sand dunes."
27,Cactarion,static/Cactarion 27.png,"Cactarion slaat water op in zijn lichaam, waardoor hij jaren zonder een druppel kan overleven.","Cactarion stores water in its body, so it can survive for years without a single drop."
28,Skyflare,static/Skyflare 28.png,Skyflare schiet omhoog als een komeet en laat een oogverblindende streep licht achter aan de hemel.,"Skyflare shoots upwards like a comet, leaving a dazzling streak of light across the sky."
29,Aerolith,static/Aerolith 29.png,Aerolith kan krachtige windvlagen oproepen die sterk genoeg zijn om rotsblokken op te tillen.,Aerolith can summon powerful gusts of wind strong enough to lift boulders.
30,Spectragon,static/Spectragon 30.png,Spectragon glinstert in en uit het bestaan en verschijnt alleen wanneer ze dat zelf wil.,Spectragon shimmers in and out of existence and only appears when she wants to.
31,Nocturna,static/Nocturna 31.png,"Nocturna is een nachtelijke draak, die geruisloos door de duisternis glijdt en met haar fonkelende schubben de sterren lijkt te weerspiegelen.","Nocturna is a nocturnal dragon that glides silently through the darkness, her sparkling scales seeming to mirror the stars."
32,Echoryn,static/Echoryn 32.png,"Echoryn is een vleermuisachtige draak, die ultrasone golven uitzendt om zijn omgeving te scannen en tegenstanders in het donker feilloos op te sporen.",Echoryn is a bat-like dragon that sends out ultrasonic waves to scan its surroundings and track opponents flawlessly in the dark.
33,Noctyrax,static/Noctyrax 33.png,"Noctyrax verschijnt alleen onder volle maan, waarbij ze lichtjes gloeit in het zilveren licht.","Noctyrax only appears under a full moon, glowing softly in the silver light."
34,Eclipsar,static/Eclipsar 34.png,Eclipsar zou volgens legendes haar kracht krijgen van zonsverduisteringen en verdwijnt direct daarna.,"According to legend, Eclipsar draws her power from solar eclipses and vanishes right after them."
35,Leafdris,static/Leafdris 35.png,"Leafdris kan elk ledemaat weer laten aangroeien, net als de planten waarop hij lijkt.","Leafdris can regrow any limb, just like the plants it resembles."
36,Arboris,static/Arboris 36.png,"Arboris heeft vleugels bedekt met mos, waardoor hij zich ideaal kan camoufleren in het bos.","Arboris has wings covered in moss, which makes it perfectly camouflaged in the forest."
37,Blossara,static/Blossara 37.png,"Blossara laat bloemen bloeien overal waar ze komt, zelfs in de meest ruwe omgevingen.","Blossara makes flowers bloom wherever she goes, even in the harshest surroundings."
38,Stellaryx,static/Stellaryx 38.png,Stellaryx zijn staart gloeit als een vallende ster die langs de nachtelijke hemel vliegt.,Stellaryx's tail glows like a shooting star flying across the night sky.
39,Solarius,static/Solarius 39.png,Solarius straalt naar verluidt de warmte van de zon uit en kan sneeuw laten smelten door er gewoon langs te vliegen.,Solarius is said to radiate the warmth of the sun and can melt snow just by flying past.
40,Lunareth,static/Lunareth 40.png,Lunareth heeft zilveren schubben die glinsteren als het oppervlak van een kalm meer in de maneschijn.,Lunareth has silver scales that glisten like the surface of a calm lake in the moonlight.
41,Borealis,static/Borealis 41.png,Borealis is een zeer zeldzame draak die alleen zichtbaar is onder het poollicht!,Borealis is a very rare dragon that is only visible under the northern lights!
42,Shocktail,static/Shocktail 42.png,Shocktail kan genoeg elektriciteit opwekken om een heel dorp een dag van stroom te voorzien.,Shocktail can generate enough electricity to power a whole village for a day.
43,Sparklis,static/Sparklis 43.png,Sparklis laat kleine bliksemschichten over zijn lichaam dansen wanneer hij enthousiast is.,Sparklis lets tiny lightning bolts dance across its body when it gets excited.
44,Voltaris,static/Voltaris 44.png,Voltaris slaat immense energie op in zijn hoorns en vuurt deze af in bliksemschichten.,Voltaris stores immense energy in its horns and fires it off as lightning bolts.
45,Gloomshire,static/Gloomshire 45.png,Gloomshire is een giftige draak die een vreemde mist uitstoot die indringers in zijn omgeving in verwarring brengt.,Gloomshire is a poisonous dragon that gives off a strange mist that confuses intruders in its territory.
46,Toxaryn,static/Toxaryn 46.png,Toxaryn kan zuur spuwen dat in een paar seconden door staal heen smelt.,Toxaryn can spit acid that melts through steel in a matter of seconds.
47,Acidrake,static/Acidrake 47.png,Acidrake heeft klauwen die druipen van een gif dat steen kan laten smelten.,Acidrake has claws that drip with a poison that can melt stone.
48,Venomir,static/Venomir 48.png,Venomir heeft giftanden die een zeldzaam gif bevatten waarmee hij zijn prooi onmiddellijk kan verlammen.,Venomir has fangs that contain a rare poison with which it can paralyse its prey instantly.
49,Steelion,static/Steelion 49.png,"Steelion heeft een lichaam dat harder is dan elk bekend metaal, waardoor ze bijna onverwoestbaar is.","Steelion has a body harder than any known metal, making her almost indestructible."
50,Argentis,static/Argentis 50.png,Argentis reflecteert zonlicht zo fel dat hij zijn vijanden tijdelijk kan verblinden.,Argentis reflects sunlight so brightly that it can temporarily blind its enemies.
51,Gildrion,static/Gildrion 51.png,Gildrion heeft gouden vleugels waarvan wordt gezegd dat ze geluk brengen aan degenen die ze te zien krijgen.,Gildrion has golden wings that are said to bring luck to those who get to see them.
52,Floragon,static/Floragon 52.png,"Floragon kan planten en boomwortels controleren, waardoor de aarde zelf haar bondgenoot wordt.","Floragon can control plants and tree roots, making the earth itself her ally."
53,Solbloem,static/Solbloem 53.png,Solbloem absorbeert zonlicht direct in zijn lichaam en gebruikt dit om wonden te genezen.,Solbloem absorbs sunlight straight into its body and uses it to heal wounds.
54,Leaflet,static/Leaflet 54.png,"Leaflet mag dan klein zijn, maar kan in een oogwenk torenhoge bomen oproepen.","Leaflet may be small, but it can summon towering trees in the blink of an eye."
55,Runebrorn,static/Runebrorn 55.png,Runebrorn heeft eeuwenoude symbolen op zijn schubben die naar verluidt de geheimen van verloren magie bevatten.,Runebrorn has ancient symbols on its scales that are said to hold the secrets of lost magic.
56,Shadowmire,static/Shadowmire 56.png,"Shadowmire beweegt zich voort als een schaduw, waardoor hij onmogelijk te volgen is en bijna nooit wordt gezien.","Shadowmire moves like a shadow, which makes it impossible to follow and almost never seen."
57,Mystifly,static/Mystifly 57.png,Mystifly is een enorm zeldzame draak wiens vleugels glinsteren met een steeds veranderend patroon van mysterieuze runen.,Mystifly is an extremely rare dragon whose wings shimmer with an ever-changing pattern of mysterious runes.
58,Reefback,static/Reefback 58.png,"Reefback is een statige draak met een lichaam bedekt met levendige koraalformaties, die op een levend rif lijken.","Reefback is a stately dragon with a body covered in vivid coral formations, like a living reef."
59,Abyssal,static/Abyssal 59.png,"Abyssal zijn lange, zweepachtige staart eindigt in een cluster van giftige, kwal-achtige tentakels.","Abyssal's long, whip-like tail ends in a cluster of poisonous, jellyfish-like tentacles."
60,Tidepool,static/Tidepool 60.png,"Als Tidepool zich bedreigd voelt, kan hij zich camoufleren door de kleuren van zijn koraal te veranderen, waardoor hij naadloos opgaat in zijn omgeving.","When Tidepool feels threatened, it can camouflage itself by changing the colours of its coral, blending seamlessly into its surroundings."
61,Vinedrake,static/Vinedrake 61.png,"In plaats van vuur uit te ademen, ademt Vinedrake een mist uit die de plantengroei versnelt, waardoor wortels en lianen tevoorschijn komen en alles in het zicht vast komt te zitten.","Instead of breathing fire, Vinedrake breathes out a mist that speeds up plant growth, making roots and vines appear that trap everything in sight."
62,Bloomthorn,static/Bloomthorn 62.png,"Volgens de legendes is Bloomthorn de beschermer van de betoverde bossen, die alleen verschijnt als de natuur in gevaar is.","According to legend, Bloomthorn is the guardian of the enchanted forests and only appears when nature is in danger."
63,Hollowgrove,static/Hollowgrove 63.png,De uitgeholde borstkas van Hollowgrove bevat een gloeiende kern van magische energie die de kronkelige wortels en takken binnenin verlicht.,Hollowgrove's hollow chest contains a glowing core of magical energy that lights up the twisting roots and branches inside.
64,Prismhearth,static/Prismhearth 64.png,"Prismhearth is een slanke en elegante draak met een lichaam gemaakt van doorschijnende, prismatische kristallen die het licht breken in oogverblindende regenbogen.","Prismhearth is a slender, elegant dragon with a body made of translucent, prismatic crystals that split light into dazzling rainbows."
65,Obsidian,static/Obsidian 65.png,"Obsidian is een angstaanjagende draak met gekartelde, zwarte kristallen schubben die glinsteren als vulkaanglas.",Obsidian is a fearsome dragon with jagged black crystal scales that glisten like volcanic glass.
66,Celestide,static/Celestide 66.png,"Celestide zijn vleugels zijn halfdoorzichtig, en lijken op bladen saffier, en zijn hoorns hebben de vorm van delicate spitsen van kwarts.","Celestide's wings are semi-transparent, like sheets of sapphire, and its horns are shaped like delicate spires of quartz."
67,Amethyst,static/Amethyst 67.png,"Als Amethyst beweegt, weerklinkt er zacht klokkenspel om hem heen, alsof de kristallen in zijn lichaam zingen.","When Amethyst moves, soft chimes ring out around it, as if the crystals in its body were singing."
68,Mycelium,static/Mycelium 68.png,"Mycelium zijn vleugels lijken op reusachtige, met sporen bedekte paddenstoelen, waarbij bij elke klap een glinsterende mist vrijkomt.","Mycelium's wings look like giant, spore-covered mushrooms, releasing a glittering mist with every flap."
69,Sporeborn,static/Sporeborn 69.png,"Sporeborn is een spookachtige, doorschijnende draak die bijna volledig is gevormd uit wervelende schimmelsporen en mist.","Sporeborn is a ghostly, translucent dragon formed almost entirely from swirling fungal spores and mist."
70,Blightmaw,static/Blightmaw 70.png,"Giftige paddenstoelen pulseren langs de ruggengraat van Blightmaw en laten wolken donkere, met sporen beladen mist los.","Poisonous mushrooms pulse along Blightmaw's spine, releasing clouds of dark, spore-laden mist."
71,Wraithveil,static/Wraithveil 71.png,"Wraithveil haar ogen gloeien met een griezelig zilveren licht en als ze beweegt, laten ze sporen van spectrale energie achter.","Wraithveil's eyes glow with an eerie silver light, and when she moves they leave trails of spectral energy behind."
72,Ancestral,static/Ancestral 72.png,"Ancestral zijn schubben lijken op gegraveerd steen, waarop de wijsheid van langvergeten voorouders staat gegraveerd.","Ancestral's scales look like carved stone, engraved with the wisdom of long-forgotten ancestors."
73,Hollowbone,static/Hollowbone 73.png,Hollowbone is een skeletachtige draak gehuld in wervelende spookachtige mist. Zijn lichaam is een griezelige samensmelting van oude botten en doorschijnende geestenergie.,Hollowbone is a skeletal dragon wrapped in swirling ghostly mist. Its body is an eerie fusion of ancient bones and translucent spirit energy.
74,Echoryx,static/Echoryx 74.png,Echoryx zijn langgerekte lichaam vibreert bij elke beweging en creëert spookachtige echo's die zich mijlenver kunnen verplaatsen.,"Echoryx's elongated body vibrates with every movement, creating ghostly echoes that can travel for miles."
75,Thunderclap,static/Thunderclap 75.png,"Thunderclap is een enorme, gespierde draak bedekt met gekartelde, metalen schubben die elk geluid dat hij maakt versterken. Zijn diepe, rommelende gegrom doet de grond schudden en zijn machtige vleugels genereren sonische knallen bij elke slag.","Thunderclap is a huge, muscular dragon covered in jagged metal scales that amplify every sound it makes. Its deep, rumbling growl shakes the ground and its mighty wings create sonic booms with every beat."
76,Whisperwind,static/Whisperwind 76.png,"Whisperwind is een delicate, etherische draak die geruisloos door de lucht glijdt, waarbij zijn lichaam bijna gewichtloos lijkt.","Whisperwind is a delicate, ethereal dragon that glides silently through the air, its body seeming almost weightless."
77,Gearforge,static/Gearforge 77.png,"Gearforge is een enorme, door stoom aangedreven draak gemaakt van brons en ijzer. Zijn lichaam is bedekt met in elkaar grijpende tandwielen.","Gearforge is a huge, steam-powered dragon made of bronze and iron. Its body is covered in interlocking cogs."
78,Nexus,static/Nexus 78.png,"In plaats van vuur te spuwen, zendt Nexus elektromagnetische pulsen uit die technologie uitschakelen en vijandelijke communicatie verstoren.","Instead of breathing fire, Nexus sends out electromagnetic pulses that disable technology and disrupt enemy communications."
79,Temporus,static/Temporus 79.png,"Temporus is een elegante, gouden draak die wordt aangedreven door een complex systeem van tikkende tandwielen, draaiende radertjes en ingewikkelde uurwerkmechanismen.","Temporus is an elegant golden dragon powered by a complex system of ticking gears, spinning cogs and intricate clockwork."
80,Boglurkur,static/Boglurkur 80.png,"Boglurkur is een enorme moerasdraak met dikke, met mos bedekte schubben die opgaan in de troebele omgeving.","Boglurkur is a huge swamp dragon with thick, moss-covered scales that blend into the murky surroundings."
81,Murkfang,static/Murkfang 81.png,"Murkfang zijn donkere, met modder bedekte schubben zijn bespikkeld met bioluminescente schimmels die 's nachts vaag oplichten.","Murkfang's dark, mud-covered scales are speckled with bioluminescent fungi that glow faintly at night."
82,Rootmaw,static/Rootmaw 82.png,"Rootmaw is een kolossale moerasdraak met een lichaam dat bedekt is met een schorsachtig pantser en een staart die lijkt op een kronkelige boomwortel. Uit zijn hoofd groeit een groot, kronkelig gewei, bedekt met hangend mos en zwammen.","Rootmaw is a colossal swamp dragon with a body covered in bark-like armour and a tail that looks like a twisting tree root. Large, gnarled antlers covered in hanging moss and fungi grow from its head."
83,Cloudlet,static/Cloudlet 83.png,Cloudlet is een zachte wolkendraak met pluizige vleugels van mist die kleine regendruppels laat dwarrelen.,Cloudlet is a gentle cloud dragon with fluffy wings of mist that lets tiny raindrops drift down.
84,Rainwisp,static/Rainwisp 84.png,Rainwisp is een speelse regendraak die zachte buien oproept waardoor bloemen sneller beginnen te groeien.,"Rainwisp is a playful rain dragon that summons gentle showers, making flowers grow faster."
85,Stormlet,static/Stormlet 85.png,Stormlet is een kleine maar krachtige stormdraak die zachte bliksemschichtjes over zijn schubben kan laat dansen.,Stormlet is a small but powerful storm dragon that can let gentle little lightning bolts dance across its scales.
86,Rainbowra,static/Rainbowra 86.png,Rainbowra laat bij elke stap een fonkelende regenboog achter en verschijnt alleen na een perfecte regenbui.,Rainbowra leaves a sparkling rainbow behind with every step and only appears after a perfect rain shower.
87,Sugarwing,static/Sugarwing 87.png,"Sugarwing heeft glanzende, snoepkleurige schubben en laat een spoor van sprankelende suikerglitter achter wanneer zij vliegt.","Sugarwing has shiny, candy-coloured scales and leaves a trail of sparkling sugar glitter behind when she flies."
88,Gummir,static/Gummir 88.png,"Gummir heeft een elastisch lichaam dat hij kan uitrekken en buigen als een gummibeertje, zonder ooit te breken.","Gummir has an elastic body that it can stretch and bend like a gummy bear, without ever breaking."
89,Chocolyx,static/Chocolyx 89.png,Chocolyx ruikt altijd naar warme chocolademelk en zijn glanzende bruine schubben lijken zacht te smelten in het licht.,"Chocolyx always smells of hot chocolate, and its shiny brown scales seem to melt softly in the light."
90,Dozelyn,static/Dozelyn 90.png,Dozelyn is een dromerige slaapdraak die opgerold onder sterrenlicht rust en waakt over mooie dromen.,Dozelyn is a dreamy sleep dragon that rests curled up under the starlight and watches over sweet dreams.
91,Somnix,static/Somnix 91.png,Somnix fluistert zachte verhalen in de nacht en zijn maansymbolen gloeien wanneer iemand in slaap valt.,"Somnix whispers gentle stories in the night, and its moon symbols glow whenever someone falls asleep."
92,Lucidora,static/Lucidora 92.png,Lucidora kan dromen laten oplichten als kleine zwevende lichtjes die boven haar vleugels dansen.,Lucidora can make dreams light up like tiny floating lights that dance above her wings.
93,Pullix,static/Pullix 93.png,Pullix is een magnetische draak die kleine metalen voorwerpen zachtjes om zich heen laat zweven.,Pullix is a magnetic dragon that gently makes small metal objects float around it.
94,Gravion,static/Gravion 94.png,"Gravion kan de zwaartekracht rond zijn lichaam kort versterken, waardoor de grond even zwaarder aanvoelt.","Gravion can briefly strengthen the gravity around its body, making the ground feel heavier for a moment."
95,Alignor,static/Alignor 95.png,Alignor heeft gloeiende lijnen over haar schubben die oplichten wanneer zij anderen helpt samenwerken.,Alignor has glowing lines across her scales that light up when she helps others work together.
96,Primarok,static/Primarok 96.png,Primarok is een oeroude draak met donkere steenschubben waarin vurige scheuren gloeien als gesmolten lava.,Primarok is an ancient dragon with dark stone scales in which fiery cracks glow like molten lava.
97,Worldshard,static/Worldshard 97.png,Worldshard draagt ronddraaiende brokstukken van steen om haar lichaam en beschermt een gloeiende kern in haar borst.,Worldshard carries spinning fragments of rock around her body and protects a glowing core in her chest.
98,Firstflame,static/Firstflame 98.png,Firstflame wordt beschouwd als het allereerste vuur en zijn adem gloeit als een eeuwige vlam.,"Firstflame is thought to be the very first fire, and its breath glows like an eternal flame."
99,Collosyx,static/Collosyx 99.png,Collosyx is een gigantische titaandraak wiens zware stappen de aarde laten trillen.,Collosyx is a gigantic titan dragon whose heavy footsteps make the earth tremble.
100,Skybreaker,static/Skybreaker 100.png,Skybreaker vliegt zo hoog dat wolken opensplijten onder haar machtige vleugels.,Skybreaker flies so high that clouds split open beneath her mighty wings.
101,Enderhorn,static/Enderhorn 101.png,Enderhorn verschijnt alleen wanneer een grote uitdaging is overwonnen en zijn enorme hoorns gloeien van kracht.,"Enderhorn only appears when a great challenge has been overcome, and its enormous horns glow with power."
102,Starbloom,static/Starbloom 102.png,Starbloom laat kleine sterrenbloemen groeien op plekken waar hij rust onder de nachtelijke hemel.,Starbloom makes tiny star flowers grow wherever it rests under the night sky.
103,Cometkin,static/Cometkin 103.png,Cometkin reist met vallende sterren mee en laat een fonkelend spoor van kosmisch licht achter.,Cometkin travels along with shooting stars and leaves a sparkling trail of cosmic light behind.
104,Dragon 104,static/placeholder-dragon.svg,Deze draak is nog een geheim! De onderzoeker voegt binnenkort een echte draak toe.,This dragon is still a secret! The researcher will add a real dragon soon.
105,Dragon 105,static/placeholder-dragon.svg,Deze draak is nog een geheim! De onderzoeker voegt binnenkort een echte draak toe.,This dragon is still a secret! The researcher will add a real dragon soon.
106,Dragon 106,static/placeholder-dragon.svg,Deze draak is nog een geheim! De onderzoeker voegt binnenkort een echte draak toe.,This dragon is still a secret! The researcher will add a real dragon soon.
107,Dragon 107,static/placeholder-dragon.svg,Deze draak is nog een geheim! De onderzoeker voegt binnenkort een echte draak toe.,This dragon is still a secret! The researcher will add a real dragon soon.
108,Dragon 108,static/placeholder-dragon.svg,Deze draak is nog een geheim! De onderzoeker voegt binnenkort een echte draak toe.,This dragon is still a secret! The researcher will add a real dragon soon.
109,Dragon 109,static/placeholder-dragon.svg,Deze draak is nog een geheim! De onderzoeker voegt binnenkort een echte draak toe.,This dragon is still a secret! The researcher will add a real dragon soon.
110,Dragon 110,static/placeholder-dragon.svg,Deze draak is nog een geheim! De onderzoeker voegt binnenkort een echte draak toe.,This dragon is still a secret! The researcher will add a real dragon soon.
111,Dragon 111,static/placeholder-dragon.svg,Deze draak is nog een geheim! De onderzoeker voegt binnenkort een echte draak toe.,This dragon is still a secret! The researcher will add a real dragon soon.
112,Dragon 112,static/placeholder-dragon.svg,Deze draak is nog een geheim! De onderzoeker voegt binnenkort een echte draak toe.,This dragon is still a secret! The researcher will add a real dragon soon.
113,Dragon 113,static/placeholder-dragon.svg,Deze draak is nog een geheim! De onderzoeker voegt binnenkort een echte draak toe.,This dragon is still a secret! The researcher will add a real dragon soon.
114,Dragon 114,static/placeholder-dragon.svg,Deze draak is nog een geheim! De onderzoeker voegt binnenkort een echte draak toe.,This dragon is still a secret! The researcher will add a real dragon soon.
115,Dragon 115,static/placeholder-dragon.svg,Deze draak is nog een geheim! De onderzoeker voegt binnenkort een echte draak toe.,This dragon is still a secret! The researcher will add a real dragon soon.
116,Dragon 116,static/placeholder-dragon.svg,Deze draak is nog een geheim! De onderzoeker voegt binnenkort een echte draak toe.,This dragon is still a secret! The researcher will add a real dragon soon.
117,Dragon 117,static/placeholder-dragon.svg,Deze draak is nog een geheim! De onderzoeker voegt binnenkort een echte draak toe.,This dragon is still a secret! The researcher will add a real dragon soon.
118,Dragon 118,static/placeholder-dragon.svg,Deze draak is nog een geheim! De onderzoeker voegt binnenkort een echte draak toe.,This dragon is still a secret! The researcher will add a real dragon soon.
119,Dragon 119,static/placeholder-dragon.svg,Deze draak is nog een geheim! De onderzoeker voegt binnenkort een echte draak toe.,This dragon is still a secret! The researcher will add a real dragon soon.
120,Dragon 120,static/placeholder-dragon.svg,Deze draak is nog een geheim! De onderzoeker voegt binnenkort een echte draak toe.,This dragon is still a secret! The researcher will add a real dragon soon.
121,Dragon 121,static/placeholder-dragon.svg,Deze draak is nog een geheim! De onderzoeker voegt binnenkort een echte draak toe.,This dragon is still a secret! The researcher will add a real dragon soon.
122,Dragon 122,static/placeholder-dragon.svg,Deze draak is nog een geheim! De onderzoeker voegt binnenkort een echte draak toe.,This dragon is still a secret! The researcher will add a real dragon soon.
