stage,family,background,training_criterion,testing_trials,abort_on_first_error
5,opposition,static/Background_1.jpg,,,
6,opposition,static/Background_1.jpg,,,
7,opposition,static/Background_1.jpg,,,
8,opposition,static/Background_1.jpg,,,
9,opposition,static/Background_2.jpg,,,
10,opposition,static/Background_2.jpg,,,
11,opposition,static/Background_2.jpg,,,
12,opposition,static/Background_3.jpg,,,
13,opposition,static/Background_3.jpg,,,
14,opposition,static/Background_3.jpg,,,
15,opposition,static/Background_3.jpg,,,
16,opposition,static/Background_4.jpg,,,
17,opposition,static/Background_4.jpg,,,
18,opposition,static/Background_4.jpg,,,
19,opposition,static/Background_5.jpg,,,
20,opposition,static/Background_5.jpg,,,
21,opposition,static/Background_5.jpg,,,
22,opposition,static/Background_6.jpg,,,
23,opposition,static/Background_6.jpg,,,
24,opposition,static/Background_6.jpg,,,
25,opposition,static/Background_7.jpg,,,
26,opposition,static/Background_7.jpg,,,
27,opposition,static/Background_7.jpg,,,
28,opposition,static/Background_8.jpg,,,
29,opposition,static/Background_8.jpg,,,
30,quantity,static/Background_8.jpg,,,
31,quantity,static/Background_9.jpg,,,
32,quantity,static/Background_9.jpg,,,
33,quantity,static/Background_9.jpg,,,
34,quantity,static/Background_9.jpg,,,
35,quantity,static/Background_10.jpg,,,
36,quantity,static/Background_10.jpg,,,
37,quantity,static/Background_10.jpg,,,
38,quantity,static/Background_11.jpg,,,
39,quantity,static/Background_11.jpg,,,
40,quantity,static/Background_11.jpg,,,
41,quantity,static/Background_11.jpg,,,
42,quantity,static/Background_12.jpg,,,
43,quantity,static/Background_12.jpg,,,
44,quantity,static/Background_12.jpg,,,
45,quantity,static/Background_13.jpg,,,
46,quantity,static/Background_13.jpg,,,
47,quantity,static/Background_13.jpg,,,
48,quantity,static/Background_13.jpg,,,
49,quantity,static/Background_14.jpg,,,
50,quantity,static/Background_14.jpg,,,
51,quantity,static/Background_14.jpg,,,
52,quantity,static/Background_15.jpg,,,
53,quantity,static/Background_15.jpg,,,
54,quantity,static/Background_15.jpg,,,
55,quantity,static/Background_16.jpg,,,
56,temporal,static/Background_16.jpg,,,
57,temporal,static/Background_16.jpg,,,
58,temporal,static/Background_17.jpg,,,
59,temporal,static/Background_17.jpg,,,
60,temporal,static/Background_17.jpg,,,
61,temporal,static/Background_18.jpg,,,
62,temporal,static/Background_18.jpg,,,
63,temporal,static/Background_18.jpg,,,
64,temporal,static/Background_19.jpg,,,
65,temporal,static/Background_19.jpg,,,
66,temporal,static/Background_19.jpg,,,
67,temporal,static/Background_19.jpg,,,
68,temporal,static/Background_20.jpg,,,
69,temporal,static/Background_20.jpg,,,
70,temporal,static/Background_20.jpg,,,
71,temporal,static/Background_21.jpg,,,
72,temporal,static/Background_21.jpg,,,
73,temporal,static/Background_21.jpg,,,
74,temporal,static/Background_22.jpg,,,
75,temporal,static/Background_22.jpg,,,
76,temporal,static/Background_22.jpg,,,
77,temporal,static/Background_23.jpg,,,
78,temporal,static/Background_23.jpg,,,
79,temporal,static/Background_23.jpg,,,
80,temporal,static/Background_24.jpg,,,
81,temporal,static/Background_24.jpg,,,
82,containment,static/Background_24.jpg,,,
83,containment,static/Background_25.jpg,,,
84,containment,static/Background_25.jpg,,,
85,containment,static/Background_25.jpg,,,
86,containment,static/Background_25.jpg,,,
87,containment,static/Background_26.jpg,,,
88,containment,static/Background_26.jpg,,,
89,containment,static/Background_26.jpg,,,
90,containment,static/Background_27.jpg,,,
91,containment,static/Background_27.jpg,,,
92,containment,static/Background_27.jpg,,,
93,containment,static/Background_29.jpg,,,
94,containment,static/Background_29.jpg,,,
95,containment,static/Background_29.jpg,,,
96,containment,static/Background_30.jpg,,,
97,containment,static/Background_30.jpg,,,
98,containment,static/Background_30.jpg,,,
99,containment,static/Background_31.jpg,,,
100,containment,static/Background_31.jpg,,,
101,containment,static/Background_31.jpg,,,
102,containment,static/Background_32.jpg,,,
103,containment,static/Background_32.jpg,,,
104,mathematics,static/Background_32.jpg,,,
105,mathematics,static/Background_32.jpg,,,
106,mathematics,static/Background_32.jpg,,,
107,mathematics,static/Background_32.jpg,,,
108,mathematics,static/Background_32.jpg,,,
109,mathematics,static/Background_32.jpg,,,
110,mathematics,static/Background_32.jpg,,,
111,mathematics,static/Background_32.jpg,,,
112,mathematics,static/Background_32.jpg,,,
113,mathematics,static/Background_32.jpg,,,
114,mathematics,static/Background_32.jpg,,,
115,mathematics,static/Background_32.jpg,,,
116,mathematics,static/Background_32.jpg,,,
117,mathematics,static/Background_32.jpg,,,
118,mathematics,static/Background_32.jpg,,,
119,mathematics,static/Background_32.jpg,,,
120,mathematics,static/Background_32.jpg,,,
121,mathematics,static/Background_32.jpg,,,
122,mathematics,static/Background_32.jpg,,,
