bucket_1,bucket_2,bucket_3,bucket_4
LAH,JAX,CET,SUR
JOJ,CEB,QUG,FIQ
BOR,VUS,YEY,WEH
KAJ,BAZ,LAV,BEW
XUW,LOY,KEH,YOP
CUZ,QUM,QIF,DOY
GAC,LIY,WUC,COC
QEH,YUG,FEV,JEM
SAR,JUM,QOZ,GAH
XAK,TUM,VIG,QIZ
YOK,PAZ,NEZ,XEW
VOM,JOX,LAJ,NIY
FUH,MUJ,GEW,XOM
FOL,RIQ,CIK,FEC
WAQ,KAG,XIP,TID
RAC,XOD,MIW,XOB
QEZ,YUY,GIM,XUL
NUM,GOV,DOZ,CIT
WIV,MAZ,JAF,CEJ
YED,DUY,TOZ,QIK
CUQ,CAS,KEZ,VAY
JIK,WOD,DIL,SOR
QAQ,FUP,TOB,CEH
PEQ,SUK,XEM,LUR
VUY,PID,MIV,XEG
YIY,XIT,BIQ,WAJ
SUY,PUJ,XAB,GUD
QOG,DUK,SEK,GEV
NOJ,FEG,VAH,GAW
JIV,BAW,QIQ,CEY
RUH,TEB,CAV,YIH
GUC,XOP,HIZ,XUG
BAX,HEH,QAC,XID
PIF,XEJ,VUJ,LIG
VAX,QAV,GUV,MOX
KOJ,YOL,RUQ,YOQ
YOY,GEG,WUK,NUH
NAC,SES,DEQ,LUD
KIX,YEG,YEV,JIZ
BEZ,CIF,DAV,LIX
NAL,QOP,MUZ,VUL
NUC,SEH,COH,NOZ
PEJ,BIF,QUB,TAQ
QAJ,YOV,JAQ,VEC
NAS,POB,POZ,DAZ
BUJ,VEK,MUQ,JIS
TIX,QIM,DUJ,ROF
QOT,XIK,JAC,GUJ
YEQ,XEY,SOH,YIC
XOR,BOQ,JEG,QUV
DOJ,SAQ,SEP,CIW
NEJ,QAR,CER,FIM
POV,YIK,CUL,FEQ
RAV,YAT,ROX,YUZ
XUV,YUL,GEX,VUD
KUP,GOF,QOY,NIR
JER,BUW,LUV,CIV
PUZ,GEF,CEM,KUK
VIB,YAN,KIQ,KUN
NEX,TIF,YIF,KAX
CIX,SIZ,GUH,KEQ
CUW,SEG,XER,MED
VEJ,FAL,FAH,XUK
JUZ,DED,JEC,BIH
KER,SAZ,MAH,DUV
XIG,RUZ,YEJ,XAP
LOD,TUY,GUW,CIN
XUC,GEZ,TAZ,NAM
XEH,BAJ,YUS,NIN
HIR,YAB,YUC,CIH
RAZ,BUX,HUD,WUW
HON,HAB,KUW,SEZ
QIX,KOH,DOH,XEP
FIW,JEP,KOD,HUR
KUF,QOK,CIP,WEP
XUP,QOD,TIZ,QAG
SIV,DUL,PUQ,CIM
DEC,PIY,QOV,REW
XUD,WUV,LOQ,FAP
QEM,FIP,JUV,GIV
SIL,XAL,QOM,PUM
GOW,HIB,XIM,NOV
GUG,FEK,LUY,LIH
QAB,BOV,YOZ,FUX
CEX,WER,GAK,DIY
YEX,TUC,HED,WOV
FAV,HOX,CAX,DOD
CUX,TIR,CAH,WUX
QOB,QIW,NOC,GAQ
JUL,MIF,XEC,VUP
FIF,YUW,YIL,MAJ
KEL,XUX,RER,YIZ
TUJ,KUC,BEP,NUW
XOY,QOS,BIY,WUP
XUR,NUX,YUX,VUQ
FUV,XOW,YIQ,FEB
MEX,WAV,KUJ,SAH
BUH,BOH,NEN,QOF
JIR,FUC,KIV,MOH
LUB,WAC,DEF,WOH
QEB,XUH,FUM,HAQ
VOV,CAQ,SOG,LIM
XOT,BAC,KIJ,KUD
RAQ,CAC,XIX,BUF
JAD,HIF,HAZ,GIQ
NID,NIJ,PIQ,JUW
LUF,QIL,VOT,JEX
QAF,JUJ,XUT,HIQ
VIJ,JIT,BUZ,BEB
GON,DAF,QUR,VAP
GIW,NIZ,KES,FAF
NAJ,DIW,MIH,QED
SEB,XAY,KUQ,SOC
VIZ,YUF,VIY,FUL
TOX,RIX,KUG,QEV
YIS,SIF,YAL,GIZ
CED,HUV,NAK,VOH
WEK,GEB,BIM,SUJ
XOG,FUQ,CUV,VAZ
HEZ,TAC,JAH,QEP
VEF,XEX,BIX,PUX
RIY,DET,YAF,WEF
KAZ,YIR,WUL,VUK
DEJ,TOV,XIC,WIW
JAL,NEC,COV,VIK
KIG,SUW,JOD,MEJ
REZ,SUG,QIV,DUM
JOM,PEZ,KAH,KUR
LUK,VEB,GAZ,QES
CEP,VEM,LUJ,WUG
QUL,SUC,QAY,TOQ
QOW,RUV,TUW,HOJ
GOQ,GEJ,QUC,TEX
MUW,MIQ,MUR,MEB
QEQ,MUV,YEC,PEY
YUB,BOZ,VUF,RUX
XIQ,YEL,CIZ,NIK
CUH,XIH,XUF,VOB
JIH,QUF,HUK,NAQ
CAZ,QIN,NIQ,XEN
CUG,HIL,TUZ,LIV
TOC,QIS,VEY,BUK
TEK,QUJ,GEH,TEQ
QUS,XAW,SUD,JUP
DIH,QOQ,XAT,HUW
MAQ,HEC,WEW,BEQ
YUD,QIJ,TOJ,BEX
TUH,BOC,VAJ,JEJ
MEY,VEQ,VUR,MEZ
NUZ,XOL,RAR,PIB
JOC,SIJ,MUP,XAG
REJ,NOQ,JOS,KOV
YOC,LEP,QAH,VUV
CIC,NAH,TEF,FOF
YUN,KAW,ROQ,WUB
XUM,LUQ,KOC,CIY
GIY,MER,KED,XIV
PUY,VOG,LIQ,WIB
YAS,JUC,FOS,XAQ
LOZ,DUH,NAX,BIW
XUQ,TEJ,XAS,BUC
TUQ,KIS,KAV,FEM
WEY,YIJ,LUN,XOH
YAZ,JOZ,SED,NUQ
DIZ,TES,KAL,GOZ
NIH,HOH,PUC,CIJ
DAJ,TEC,QEY,PEC
COM,SAV,VAD,QEL
FAC,XIL,JIF,CAG
GIR,XOV,MOJ,VOY
WEV,QIB,WUR,SOQ
NOX,KET,VED,TOS
ROM,KUX,RUR,XEV
PAQ,WEC,KAQ,FOT
CIB,SOJ,PUW,QUQ
CIL,WOJ,QAK,YIG
QEF,NAF,CEQ,CUK
JOR,FAW,VIH,XAV
YIW,VUM,PAV,JUY
FEX,QAW,TIH,YAC
VOC,WIF,POC,LUH
KOY,HUX,NUV,JIW
GUB,GAX,XUS,NIF
REQ,JEL,PUH,HEJ
DUZ,KEB,NIW,KAC
KUM,WOX,TEH,KUZ
TUS,FOJ,TEP,TEM
VOQ,JUR,LIF,QEW
CUY,VIQ,WOR,YIM
XOC,XOZ,FIH,WUN
RIZ,HIX,QOH,XEQ
JEV,SUT,MEV,BIV
GUQ,GUR,XIB,QUZ
SOZ,XEK,QUX,LEQ
SEV,HAC,YOJ,MEC
YOT,QEK,QAL,GUZ
PIW,RUF,HUF,WEX
CEK,FOZ,NEF,XUJ
LEC,CEF,GER,CID
GEC,YOX,GIC,WOY
YAQ,CEZ,YAG,MOZ
CUS,QOJ,MUX,HUC
QAS,FIC,SUQ,YEB
GOL,NER,JEK,NIG
HIH,KEC,TIW,XIN
NOY,LOH,QIP,VIX
RUJ,SEQ,DIC,POG
WIM,FUF,VES,XUB
JEQ,NUY,XAJ,QEX
YEF,ROP,NOF,SIY
TEV,LIR,COR,NUG
QIY,MOY,XIR,VUC
WEJ,HAX,CEV,XED
CUF,XOF,NEY,QIR
XOJ,NIV,GOS,NUD
VEH,FAQ,JUX,YUJ
BIR,PEF,CAF,PEX
XUN,PEV,BEC,BOJ
XIY,QUH,GAJ,BUQ
YOH,FOD,COF,YUV
QUP,MUC,FEF,XAD
QID,CAJ,LOJ,YER
TUR,YIX,MAV,XON
FOW,FEJ,VIW,XES
VIL,MEQ,BER,QIC
TAH,QEJ,BUV,YUR
MIY,BAQ,FUJ,JIQ
GOP,TIB,HEQ,XEB
TEY,YAJ,SUH,VOZ
WEZ,DOQ,BIZ,YIV
PIH,TOH,LIW,FUK
VOR,DUQ,YOF,JAJ
YIT,QET,TUD,XAF
WOF,SEY,SEJ,VID
COQ,MOC,HUJ,RIW
JEZ,POQ,VIR,QER
KIW,COJ,JOV,GUK
WOQ,FAZ,XUY,XAX
SUZ,NEQ,XAZ,YAV
MIP,DIF,HUS,VEP
PAB,SAJ,MEF,CEW
JIX,SUV,JOF,QAP
XEF,WUQ,NUJ,CUJ
LOV,BAP,WID,NAZ
DEZ,XIJ,FIV,DAC
VOP,WUT,TIY,XOS
LAL,PIM,XAR,SIH
WOM,WOZ,BUP,WIH
WAH,WUZ,QEC,XIW
FUW,PEM,QOC,JUH
SOV,WUH,YOS,FAK
LAQ,NEH,RUD,LIC
XUZ,DUX,XAM,PAJ
HIY,QUD,YEM,XAC
JEH,JAZ,TEZ,QOX
FAJ,FOC,KIH,POJ
KIB,HUY,JIY,HOQ
KEJ,NIC,TAY,QUN
QAM,FOV,CIQ,QUY
ROV,HOV,GUF,PUV
ROJ,FUZ,SUS,QEG
WEQ,VOK,HEV,DEH
KUB,KOW,SIQ,GOG
HOS,JOP,KEM,JES
VAB,QAX,GOC,WUM
WIQ,VUH,HOZ,KIY
YUQ,PIZ,DOB,XOX
VIF,RUC,YUT,YOG
QAN,XAH,CUC,FIJ
GIK,MOV,MEK,FEH
POY,WOB,GIH,LUT
PEH,RIR,BAV,CEC
DAQ,TIQ,GUX,MUB
XEL,CEN,XAN,FOM
YIB,BEM,KOZ,VUB
RIV,GEP,DEP,RIH
FAM,WOC,FUS,PIR
JIC,YUH,QUK,QAZ
NEM,GEQ,XEZ,NUP
VAF,QOL,MUK,WUJ
QEN,TIV,DIQ,JIP
KAD,BAAH,MUY,LUP
JAV,BAED,VUX,QUT
DOX,BAEM,VEZ,MEH
RUP,BAIB,MIZ,PAG
KUY,BAID,BEJ,YEZ
HIG,BAIH,VUT,KOX
SAF,BAIJ,KOB,WAZ
YOR,BAIK,WIX,KOQ
PEB,BAOC,XET,XOQ
QAD,BAOG,SEM,HUZ
SIW,BAUB,CIG,KEW
XOK,BEAB,WIC,VEV
JOQ,BEAC,CUN,GIX
LAZ,BEAJ,FOQ,VUZ
HIW,BEEB,QUW,LEH
KUV,BEED,BEH,VUW
ROR,BEEM,TUV,VEW
YAX,BEIB,HUQ,SEF
BAAF,BEIF,YEK,FUY
BAAG,BEIH,MUH,BAAB
BAAJ,BEIK,QON,BAAD
BAEG,BEOD,DEG,BAAM
BAEJ,BEOG,VUN,BAEB
BAEK,BEOM,HAV,BAEH
BAIC,BEUB,YAD,BAIG
BAIF,BIAC,RUY,BAOH
BAOB,BIAD,MOQ,BAOJ
BAOL,BIAJ,WIY,BAOK
BAUC,BIAM,LUC,BAUF
BAUG,BIEC,WUF,BAUL
BAUJ,BIEM,KIC,BEAL
BAUK,BIIG,LEJ,BEEG
BEAH,BIOL,JUQ,BEIJ
BEEH,BIUD,CIR,BEIL
BEIC,BIUF,VAQ,BEUH
BEID,BIUL,WUY,BEUJ
BEOB,BOAC,PIV,BIAG
BEOC,BOAK,LEZ,BIAH
BEOH,BOIC,QIG,BIED
BIAB,BOIF,QOR,BIEG
BIAF,BOOL,VAM,BIEH
BIAK,BOUH,KIZ,BIIJ
BIAL,BUAC,NAV,BIOB
BIIB,BUEG,XIZ,BIOD
BIIF,BUIB,CEG,BIOF
BIIL,BUID,XIF,BIUH
BIIM,BUIG,QIH,BIUJ
BIOC,BUIM,LAN,BOAM
BIOG,BUOF,JEY,BOEB
BIOJ,BUOG,LUZ,BOEC
BIOM,BUOJ,BAAC,BOEH
BOAG,BUUJ,BAEC,BOID
BOAH,CAAC,BAEF,BOIH
BOAL,CAAD,BAEL,BOIJ
BOIB,CAEB,BAIM,BOIK
BOOC,CAEF,BAOD,BOUB
BOOF,CAEG,BAOF,BOUC
BOOJ,CAEK,BAOM,BOUK
BOUF,CAEL,BAUH,BOUM
BOUG,CAEM,BEAF,BUAB
BOUL,CAIC,BEAG,BUAD
BUAF,CAIF,BEEC,BUAG
BUAH,CAIK,BEEJ,BUAJ
BUEC,CAIL,BEEL,BUAK
BUEF,CAOB,BEIG,BUAL
BUEH,CAOC,BEOF,BUEB
BUEJ,CAOG,BEOJ,BUED
BUEL,CAOL,BEOK,BUEK
BUIC,CAUB,BEOL,BUEM
BUIF,CEAG,BEUC,BUOD
BUIH,CEAH,BEUD,BUOH
BUOB,CEAK,BEUF,BUOK
BUOM,CEAM,BEUM,BUOL
BUUH,CEEB,BIEJ,BUUC
BUUK,CEIM,BIEK,CAAL
BUUL,CEOG,BIIC,CAED
BUUM,CEUH,BIID,CAIJ
CAAB,CEUJ,BIIH,CAOF
CAAF,CEUL,BIIK,CAOH
CAAH,CEUM,BIOH,CAOM
CAAM,CIAB,BIOK,CEAJ
CAEC,CIAL,BIUB,CEAL
CAEH,CIIG,BIUC,CEED
CAEJ,CIIH,BIUG,CEIH
CAIB,CIIJ,BIUK,CEOB
CAIH,CIOL,BIUM,CEOF
CAIM,CIUF,BOAB,CEOK
CAOD,CIUK,BOAD,CEUC
CAOJ,COAD,BOAF,CEUK
CAUD,COAG,BOAJ,CIAC
CAUJ,COAH,BOED,CIAD
CAUK,COEB,BOEJ,CIAJ
CEAB,COEF,BOIG,CIAK
CEAC,COEG,BOIM,CIEB
CEAD,COEJ,BOOH,CIED
CEEC,COEK,BOUJ,CIEJ
CEEF,COID,BUAM,CIIB
CEEH,COOM,BUIJ,CIIC
CEEM,COUB,BUOC,CIOC
CEIB,COUF,BUUB,CIOD
CEIC,COUG,BUUD,CIOF
CEID,COUL,BUUG,CIOJ
CEIF,CUAH,CAAG,CIUC
CEIG,CUEG,CAAJ,COAB
CEIJ,CUIB,CAAK,COAK
CEOJ,CUID,CAIG,COEC
CEUD,CUIG,CAOK,COIB
CEUG,CUOG,CAUC,COIK
CIAF,CUOH,CAUF,COOB
CIAG,CUOK,CAUG,COOH
CIAM,CUUB,CAUH,COUH
CIEK,CUUC,CAUM,COUM
CIEM,CUUD,CEAF,CUAF
CIID,CUUF,CEEG,CUAJ
CIIF,CUUH,CEEJ,CUEF
CIIM,CUUM,CEEK,CUIH
CIOG,DAAC,CEIK,CUIM
CIOH,DAAF,CEOC,CUOB
CIOK,DAEB,CEOD,CUOF
CIOM,DAEF,CEOH,CUUJ
CIUB,DAEG,CEOM,CUUL
CIUG,DAEH,CEUB,DAAM
CIUH,DAEJ,CEUF,DAOB
CIUM,DAID,CIAH,DAOG
COEL,DAOH,CIEC,DAOL
COEM,DAOK,CIEF,DAUL
COIG,DAOM,CIEG,DEAB
COIM,DAUC,CIEH,DEAK
COOC,DAUD,CIIK,DEEB
COOG,DAUF,CIIL,DEID
COOJ,DAUH,CIOB,DEIF
CUAK,DAUJ,CIUD,DEOD
CUAM,DEAJ,CIUJ,DEUC
CUEC,DEEC,CIUL,DEUF
CUEH,DEEH,COAC,DEUG
CUEK,DEEJ,COAF,DIAC
CUEM,DEOC,COAJ,DIAH
CUIC,DEOF,COAM,DIAJ
CUIK,DEOL,COEH,DIEK
CUOC,DEOM,COIC,DIIH
CUOD,DIAF,COIH,DIIJ
CUUG,DIAG,COIJ,DIOB
DAAB,DIEG,COOD,DIOG
DAAG,DIEM,COUC,DIUF
DAAK,DIIC,COUD,DIUH
DAEM,DIUC,COUJ,DIUJ
DAIF,DOAF,COUK,DIUL
DAIG,DOAG,CUAB,DIUM
DAIJ,DOAM,CUAC,DOAB
DAOF,DOID,CUAD,DOAH
DAOJ,DOIF,CUAG,DOAK
DAUG,DOIH,CUAL,DOEC
DAUK,DOOB,CUEB,DOEJ
DAUM,DOOJ,CUEJ,DOOC
DEAG,DUAG,CUEL,DOOH
DEAH,DUAH,CUIJ,DOUB
DEEK,DUEB,CUIL,DOUF
DEIC,DUED,CUOJ,DOUJ
DEIG,DUEF,CUOL,DOUK
DEIM,DUEJ,CUOM,DOUM
DEOB,DUEK,CUUK,DUAJ
DEOG,DUIJ,DAAH,DUAK
DEOJ,DUUJ,DAAJ,DUIH
DEUD,FAAB,DAAL,DUIL
DEUJ,FAEC,DAEC,DUOG
DEUL,FAEF,DAED,DUUB
DIAD,FAEH,DAEK,DUUF
DIAK,FAOC,DAIB,FAAC
DIEH,FAOM,DAIC,FAAG
DIEJ,FAUC,DAIH,FAEK
DIIB,FAUF,DAIK,FAEL
DIID,FAUK,DAIL,FAEM
DIIK,FEEM,DAOC,FAIC
DIOC,FEIC,DAOD,FAID
DIOF,FEID,DEAM,FAIJ
DIOH,FEIG,DEEF,FAOF
DIOK,FEIH,DEIB,FAOJ
DIOM,FEOB,DEIH,FAOL
DIUB,FIAF,DEIJ,FAUB
DIUD,FIAK,DEIK,FAUD
DIUG,FIAL,DEOH,FAUG
DIUK,FIEK,DEOK,FAUH
DOAD,FIID,DEUB,FAUJ
DOED,FIIL,DEUH,FEAC
DOIB,FIOB,DIAB,FEEC
DOIL,FIOH,DIAM,FEEF
DOUC,FIOK,DIIF,FEEG
DOUH,FIOL,DIIG,FEIB
DUAB,FIUD,DIIL,FEIF
DUAC,FIUK,DIIM,FEOH
DUEC,FOEH,DIOD,FEUL
DUEH,FOIB,DIOJ,FIAB
DUOC,FOID,DOAC,FIAD
DUOF,FOOB,DOAJ,FIAJ
DUOJ,FOOG,DOAL,FIAM
DUOM,FOOJ,DOEB,FIIB
DUUC,FOUF,DOEF,FIIC
DUUG,FOUK,DOEH,FIOG
DUUK,FUAF,DOIC,FIOJ
FAAD,FUEF,DOIG,FIUB
FAAH,FUEJ,DOIJ,FIUF
FAED,FUEM,DOIK,FIUH
FAIB,FUIC,DOIM,FOAB
FAIF,FUIJ,DOOG,FOAG
FAIK,FUIL,DOUD,FOAH
FAOD,FUIM,DOUL,FOEK
FAOG,FUOB,DUAF,FOEM
FAOK,FUOD,DUAM,FOIF
FEAD,FUOF,DUEG,FOIH
FEAH,FUUF,DUEM,FOUB
FEAK,FUUL,DUIB,FOUC
FEEB,FUUM,DUIC,FOUD
FEEJ,GAAH,DUID,FOUH
FEIM,GAID,DUOB,FOUJ
FEOF,GAOB,DUOD,FOUM
FEOJ,GAOC,DUOH,FUAC
FEOM,GAOD,DUOK,FUAG
FEUG,GAOJ,DUOL,FUAK
FEUH,GAOK,DUUD,FUAL
FEUJ,GAUB,DUUH,FUID
FIAG,GAUF,DUUL,FUIG
FIEB,GEAG,DUUM,FUOG
FIEJ,GEEC,FAAF,FUUB
FIEM,GEEJ,FAAJ,FUUJ
FIIF,GEIJ,FAAK,FUUK
FIIG,GEOC,FAEB,GAEC
FIIJ,GEUB,FAEG,GAEJ
FIIK,GEUF,FAEJ,GAIG
FIOF,GIAB,FAIG,GAIK
FIOM,GIAH,FAIH,GAIM
FIUG,GIAJ,FAIM,GAOG
FIUJ,GIEB,FAOB,GAUG
FIUM,GIEC,FAOH,GAUH
FOAC,GIEF,FAUM,GAUJ
FOEB,GIEG,FEAB,GEAB
FOEC,GIEJ,FEAF,GEAC
FOED,GIEL,FEAG,GEAF
FOEG,GIID,FEAJ,GEAH
FOOF,GIIJ,FEAM,GEAM
FOOK,GIIK,FEEH,GEEM
FOOM,GIOC,FEEK,GEIG
FUAM,GIOD,FEIJ,GEIH
FUEG,GIOH,FEIK,GEIK
FUEK,GIOK,FEOC,GEOD
FUIH,GIUD,FEOG,GEOH
FUOH,GOAC,FEOK,GEOL
FUOM,GOAJ,FEOL,GEUD
FUUC,GOEC,FEUB,GEUG
FUUH,GOEF,FEUC,GEUH
GAAB,GOEG,FEUF,GIAC
GAAD,GOEJ,FEUK,GIAK
GAAG,GOEK,FEUM,GIIB
GAAJ,GOID,FIAC,GIIC
GAAK,GOIG,FIAH,GIIG
GAEK,GOOB,FIEC,GIIL
GAEM,GOOL,FIED,GIIM
GAIC,GOUK,FIEG,GIOF
GAIF,GOUL,FIEH,GIOJ
GAOF,GUAC,FIIH,GIOL
GAOH,GUAF,FIIM,GIUG
GAOM,GUAK,FIOC,GIUM
GAUC,GUEG,FIOD,GOAB
GEAD,GUEH,FIUC,GOAG
GEIC,GUIJ,FIUL,GOAH
GEIF,GUIM,FOAD,GOEB
GEIM,GUOC,FOAF,GOEM
GEOB,GUOF,FOAJ,GOIH
GEOG,GUOG,FOAK,GOIJ
GEOJ,GUOL,FOEJ,GOIK
GEOM,GUUJ,FOEL,GOIM
GEUC,GUUL,FOIC,GOOM
GIAG,HAAB,FOIG,GOUC
GIEH,HAEC,FOIJ,GOUF
GIEM,HAEH,FOIK,GUAB
GIIF,HAIC,FOIM,GUAD
GIOB,HAID,FOOC,GUAG
GIUB,HAIF,FOOH,GUAL
GIUH,HAIJ,FOUG,GUAM
GIUJ,HAIM,FUAB,GUEC
GIUL,HAOB,FUAD,GUED
GOAK,HAOC,FUAH,GUEJ
GOEH,HAOD,FUAJ,GUEK
GOIB,HAOG,FUEB,GUEL
GOIF,HAOL,FUEC,GUIF
GOIL,HEAB,FUED,GUIH
GOUH,HEAC,FUEH,GUOH
GOUJ,HEAH,FUIB,GUOM
GOUM,HEEH,FUOC,GUUB
GUAH,HEEJ,FUOJ,GUUG
GUEM,HEID,FUOK,GUUH
GUIB,HEIH,FUOL,GUUK
GUIG,HEUC,FUUD,HAAC
GUIL,HEUD,FUUG,HAAD
GUOB,HEUG,GAAC,HAAJ
GUOD,HEUK,GAAM,HAEK
GUOK,HIAH,GAEB,HAEL
GUUC,HIEC,GAEF,HAUC
GUUF,HIEG,GAEG,HAUF
GUUM,HIEH,GAEH,HAUJ
HAEF,HIEM,GAIB,HAUK
HAEG,HIIG,GAIH,HAUM
HAIG,HIIK,GAIJ,HEAG
HAOF,HIIL,GAUK,HEAM
HAOH,HIOF,GEAJ,HEEG
HAOK,HIOG,GEAK,HEIC
HAUD,HIOH,GEAL,HEIG
HAUG,HIOL,GEEB,HEIJ
HAUH,HIOM,GEEG,HEOG
HEAJ,HIUL,GEEH,HEUB
HEEC,HIUM,GEIB,HEUF
HEIB,HOAB,GEID,HEUJ
HEIK,HOAD,GEOK,HEUL
HEOD,HOAG,GEUJ,HIAD
HEOK,HOAH,GEUK,HIAG
HEOL,HOAL,GIAD,HIAJ
HEOM,HOAM,GIAF,HIAM
HIAF,HOEJ,GIAL,HIEK
HIAK,HOEM,GIAM,HIIF
HIID,HOIK,GIIH,HIIH
HIOD,HOOH,GIOG,HIIJ
HIUB,HOOJ,GIOM,HIOB
HIUC,HOUB,GIUC,HIOJ
HIUF,HOUL,GIUF,HIOK
HIUJ,HUAB,GIUK,HIUG
HIUK,HUAD,GOAF,HOAC
HOAF,HUEC,GOAM,HOEB
HOAJ,HUIH,GOEL,HOEG
HOIB,HUIM,GOIC,HOEL
HOID,HUOD,GOOC,HOIC
HOIH,HUOF,GOOH,HOOB
HOIJ,HUOG,GOOJ,HOOC
HOIL,HUOL,GOUB,HOOL
HOUC,HUUD,GOUG,HOUJ
HOUF,HUUK,GUAJ,HOUK
HUAC,JAAB,GUEB,HOUM
HUAG,JAAF,GUEF,HUAH
HUEK,JAAM,GUIC,HUAM
HUOJ,JAED,GUIK,HUEB
HUUG,JAEJ,GUOJ,HUIB
HUUJ,JAEM,GUUD,HUIJ
HUUL,JAIH,HAAH,HUOB
HUUM,JAIJ,HAEB,HUOH
JAAD,JAOD,HAEJ,HUOM
JAAH,JAOH,HAIB,HUUF
JAAK,JAOK,HAIH,HUUH
JAAL,JAUC,HAOJ,JAAC
JAEH,JAUM,HAOM,JAIC
JAEL,JEAD,HAUB,JAIK
JAID,JEAF,HEAF,JAIM
JAIF,JEAH,HEAK,JAOC
JAIG,JEEG,HEEB,JAOJ
JAOB,JEIC,HEEF,JAUB
JAOG,JEID,HEIF,JAUG
JAOL,JEIF,HEOB,JEAC
JAUD,JEIH,HEOC,JEAJ
JAUL,JEIJ,HEOF,JEAM
JEAB,JEIK,HEOH,JEEB
JEAG,JEIL,HEOJ,JEEC
JEAL,JEOF,HEUH,JEEF
JEEJ,JEUB,HEUM,JEEK
JEIB,JEUD,HIAB,JEIM
JEIG,JIAD,HIAC,JEOB
JEOC,JIAL,HIAL,JEOD
JEOH,JIEF,HIEJ,JEOG
JEOJ,JIEL,HIIB,JEOK
JEOM,JIUF,HIIC,JEUF
JEUC,JIUG,HIIM,JEUG
JIAC,JIUJ,HIOC,JEUJ
JIAJ,JIUM,HIUD,JIAF
JIAK,JOAF,HIUH,JIEB
JIEC,JOEB,HOAK,JIEG
JIED,JOIB,HOEC,JIEJ
JIEK,JOIF,HOEH,JIEM
JIIB,JOIM,HOIF,JIIC
JIIH,JOOF,HOIG,JIIF
JIIJ,JOUB,HOIM,JIIG
JIIK,JUAC,HOOM,JIOB
JIIL,JUAF,HOUG,JIOJ
JIOF,JUAJ,HOUH,JIOK
JIOH,JUEF,HUAF,JIOL
JIUB,JUEH,HUAJ,JIUC
JOAG,JUIJ,HUAK,JIUH
JOAH,JUOF,HUAL,JIUL
JOAJ,JUOH,HUEF,JOAC
JOAL,JUUB,HUEG,JOAD
JOEC,JUUF,HUEH,JOAM
JOED,JUUG,HUEJ,JOEF
JOIC,JUUK,HUEL,JOEJ
JOIG,JUUL,HUEM,JOID
JOIL,KAAD,HUIL,JOIJ
JOOG,KAED,HUOC,JOIK
JOOM,KAEJ,HUOK,JOOJ
JOUC,KAEK,HUUB,JOOK
JOUG,KAEL,HUUC,JOUD
JOUH,KAEM,JAAG,JOUF
JUAB,KAIG,JAAJ,JOUJ
JUAG,KAIH,JAEB,JUAK
JUAH,KAIJ,JAEC,JUEC
JUID,KAIK,JAEF,JUEG
JUIF,KAOC,JAEG,JUEJ
JUIH,KAUH,JAEK,JUEL
JUOC,KEAJ,JAIB,JUEM
JUOL,KEAK,JAOF,JUIB
JUOM,KEEG,JAOM,JUIC
JUUH,KEIF,JAUF,JUIL
JUUJ,KEIG,JAUH,JUOB
KAAF,KEOB,JAUJ,JUUC
KAEB,KIAC,JEAK,JUUM
KAEH,KIAG,JEEH,KAIB
KAOF,KIAK,JEEL,KAID
KAOG,KIEG,JEEM,KAIM
KAOH,KIEH,JEOL,KAOL
KAOJ,KIIJ,JEUH,KAUL
KAOK,KIOF,JEUL,KEAB
KAUC,KIOJ,JEUM,KEAD
KAUD,KIOL,JIAB,KEAH
KAUG,KIUG,JIAG,KEEB
KAUJ,KOAH,JIAH,KEEH
KEAL,KOAJ,JIAM,KEIB
KEAM,KOAK,JIEH,KEIC
KEED,KOEF,JIID,KEID
KEEJ,KOEH,JIIM,KEIH
KEOH,KOEM,JIOC,KEIJ
KEOJ,KOIB,JIOD,KEOD
KEOK,KOID,JIOG,KEOF
KEUB,KOIF,JIOM,KEOL
KEUC,KOOM,JIUD,KEOM
KEUD,KOUF,JIUK,KEUF
KEUL,KOUL,JOAK,KEUG
KIAF,KOUM,JOEH,KEUK
KIAM,KUAB,JOEK,KEUM
KIEB,KUAF,JOEM,KIAB
KIIB,KUAL,JOIH,KIAD
KIOD,KUEC,JOOB,KIAJ
KIOG,KUEH,JOOC,KIED
KIOK,KUIM,JOOH,KIIC
KIOM,KUOD,JOUL,KIID
KIUM,KUOF,JOUM,KIIF
KOAB,KUOK,JUAD,KIIG
KOAC,KUOL,JUAL,KIIH
KOAD,KUUC,JUAM,KIIK
KOAG,KUUD,JUEB,KIIM
KOEB,LAAB,JUED,KIOB
KOEJ,LAAC,JUEK,KIOC
KOIJ,LAAL,JUIG,KIUH
KOOD,LAEF,JUIK,KIUJ
KOUB,LAEH,JUIM,KOAF
KOUG,LAEL,JUOD,KOAM
KOUK,LAEM,JUOG,KOEC
KUAC,LAIF,JUOJ,KOIC
KUAG,LAIK,JUOK,KOIH
KUAJ,LAUC,JUUD,KOOB
KUAK,LAUG,KAAB,KOOH
KUED,LAUJ,KAAC,KUAD
KUEG,LAUK,KAAH,KUAM
KUEL,LEAB,KAAJ,KUEB
KUIG,LEAC,KAEC,KUEF
KUOB,LEEF,KAEF,KUEM
KUOJ,LEEJ,KAEG,KUIB
KUUH,LEIC,KAIC,KUIC
KUUJ,LEIJ,KAOB,KUIJ
KUUL,LEIM,KAOD,KUOC
LAAD,LEOB,KAOM,KUOG
LAEK,LEOD,KAUB,KUOH
LAIM,LEUF,KAUF,KUUM
LAOD,LEUJ,KAUK,LAAK
LAOG,LIAD,KEAC,LAEB
LAOK,LIEB,KEAF,LAED
LAOM,LIEC,KEAG,LAEG
LAUH,LIIL,KEEC,LAIL
LAUL,LIOC,KEEM,LAOB
LEAJ,LIOK,KEIK,LAOH
LEEB,LIOL,KEOC,LAOJ
LEEC,LIUB,KEOG,LEIH
LEEH,LIUC,KEUH,LEIK
LEOH,LOAK,KEUJ,LEOF
LEOJ,LOID,KIEC,LEUB
LEOL,LOIF,KIEJ,LEUH
LEOM,LOIG,KIIL,LEUM
LEUC,LOIJ,KIOH,LIAB
LEUL,LOIK,KIUB,LIAG
LIAH,LOIL,KIUC,LIAL
LIAJ,LOOB,KIUD,LIIK
LIAK,LOOC,KIUF,LIOG
LIEK,LOUF,KIUK,LIUH
LIEL,LOUL,KIUL,LIUJ
LIEM,LUAJ,KOAL,LIUK
LIIC,LUEB,KOED,LIUL
LIID,LUEG,KOEG,LIUM
LIIF,LUEK,KOIG,LOEG
LIIG,LUIG,KOIK,LOEK
LIIJ,LUOM,KOIL,LOIB
LIOD,LUUF,KOIM,LOIC
LIOJ,LUUK,KOOC,LOIH
LIUG,LUUL,KOOJ,LOUK
LOAB,MAAC,KOUC,LOUM
LOAH,MAAD,KOUH,LUAB
LOAJ,MAAJ,KOUJ,LUAG
LOEB,MAED,KUAH,LUAM
LOED,MAEF,KUEJ,LUED
LOEH,MAEJ,KUEK,LUEF
LOEJ,MAIB,KUID,LUEM
LOIM,MAIJ,KUIH,LUOB
LOOL,MAIK,KUIK,LUOD
LOUC,MAOC,KUOM,LUOF
LOUG,MAOJ,KUUF,LUOK
LOUH,MAOK,KUUG,LUUG
LOUJ,MAOL,KUUK,LUUM
LUEC,MAUC,LAAH,MAAM
LUEJ,MAUF,LAAJ,MAEG
LUIB,MAUJ,LAAM,MAEL
LUIH,MAUM,LAEC,MAUG
LUIJ,MEAH,LAEJ,MEAG
LUIL,MEAK,LAIB,MEEB
LUOC,MEEC,LAIG,MEEG
LUOL,MEIC,LAIH,MEEH
LUUB,MEOF,LAIJ,MEEJ
LUUD,MEOM,LAOC,MEEM
LUUH,MIAB,LAOF,MEIB
LUUJ,MIAH,LAOL,MEIG
MAAB,MIEH,LAUF,MEIH
MAEH,MIIH,LAUM,MEIJ
MAEK,MIIK,LEAG,MEOG
MAEM,MIOB,LEEL,MEOL
MAIC,MIOG,LEIB,MEUC
MAIF,MIOH,LEIG,MEUD
MAIG,MIUD,LEIL,MEUF
MAOG,MIUH,LEOC,MEUJ
MAOH,MIUL,LEOG,MIAM
MAOM,MOAJ,LEOK,MIIL
MAUB,MOAL,LEUG,MIOJ
MAUH,MOAM,LIAC,MIUB
MEIF,MOEB,LIAF,MIUK
MEIK,MOEK,LIEG,MIUM
MEIM,MOIC,LIEJ,MOAD
MEOB,MOOJ,LIIB,MOEC
MEOJ,MOUF,LIIH,MOEH
MEUH,MUAF,LIIM,MOEJ
MIAC,MUAG,LIOB,MOIB
MIAD,MUAH,LIOF,MOIH
MIAG,MUEB,LIOH,MOIJ
MIAK,MUEC,LIOM,MOIM
MIAL,MUED,LIUD,MOOB
MIEB,MUEG,LIUF,MOUB
MIEC,MUIH,LOAC,MOUD
MIIB,MUOC,LOAG,MOUK
MIIC,MUOG,LOAL,MOUL
MIID,MUOK,LOEC,MUAB
MIIF,MUOM,LOEL,MUAK
MIIG,MUUG,LOEM,MUEH
MIOL,MUUK,LOOH,MUEL
MIOM,MUUM,LOOJ,MUID
MIUF,NAAB,LOUB,MUIF
MIUJ,NAAC,LUAC,MUIG
MOAB,NAAJ,LUAD,MUIJ
MOAC,NAEG,LUAF,MUOD
MOEG,NAEH,LUAH,MUOF
MOEM,NAEJ,LUAK,MUOH
MOIF,NAID,LUAL,MUUJ
MOIG,NAIG,LUEH,NAAG
MOOC,NAOD,LUEL,NAAL
MOOF,NAOM,LUIC,NAEF
MOUC,NAUC,LUIF,NAIC
MOUH,NAUD,LUOG,NAIH
MOUJ,NAUF,LUOH,NAOB
MUAC,NAUM,LUOJ,NAOC
MUAD,NEAD,LUUC,NAOJ
MUAM,NEAF,MAAF,NAOL
MUEJ,NEEH,MAAH,NAUK
MUUB,NEIB,MAEB,NEAJ
MUUC,NEIH,MAEC,NEEB
MUUF,NEIM,MAIH,NEIJ
MUUH,NEOC,MAOB,NEIK
MUUL,NEUC,MAOD,NEOG
NAAH,NEUG,MAOF,NEOK
NAEC,NEUL,MAUK,NEUF
NAEM,NIAC,MEAB,NEUJ
NAIB,NIAM,MEAC,NEUK
NAOG,NIEG,MEAF,NIAD
NAOK,NIEH,MEAJ,NIAF
NAUB,NIEJ,MEAM,NIAL
NAUG,NIIJ,MEEF,NIEB
NAUH,NIIL,MEIL,NIEF
NAUJ,NIIM,MEOC,NIEL
NEAG,NIOF,MEOD,NIEM
NEAK,NIOK,MEOH,NIIB
NEAM,NIUC,MEOK,NIIF
NEEK,NIUK,MEUB,NIIK
NEIC,NIUM,MEUL,NIOB
NEID,NOAC,MEUM,NIOJ
NEOF,NOAG,MIAF,NIOL
NEOJ,NOEB,MIAJ,NIUD
NEUB,NOEH,MIED,NIUF
NEUD,NOIF,MIEG,NIUJ
NEUH,NOOC,MIEJ,NOAD
NIAH,NOOF,MIEK,NOEC
NIIC,NOOG,MIEL,NOED
NIID,NOUD,MIEM,NOEF
NIIH,NOUG,MIIJ,NOIB
NIOC,NOUJ,MIIM,NOIG
NIOD,NUAB,MIOC,NOOJ
NIOG,NUAG,MIOD,NOUC
NIOH,NUAM,MIOF,NOUF
NIOM,NUEJ,MIOK,NOUH
NIUB,NUIB,MIUC,NUAC
NOAF,NUIF,MIUG,NUAJ
NOAJ,NUUG,MOAF,NUED
NOAK,NUUK,MOAG,NUEK
NOEK,PAAC,MOAH,NUIH
NOEM,PAAF,MOAK,NUIK
NOIH,PAAK,MOEF,NUIM
NOIK,PAAM,MOID,NUOF
NOIM,PAEB,MOIK,NUOK
NOOB,PAEC,MOOG,NUOL
NOOL,PAEK,MOOH,NUOM
NOUB,PAIH,MOOK,PAAG
NOUM,PAOB,MOOM,PAEJ
NUAD,PAOC,MOUG,PAIB
NUAF,PAOD,MOUM,PAIG
NUEB,PAOJ,MUAJ,PAIJ
NUEC,PAUC,MUAL,PAOM
NUEF,PAUJ,MUEF,PAUG
NUEH,PEEB,MUEK,PEAB
NUEM,PEEC,MUEM,PEAF
NUIC,PEEM,MUIB,PEAH
NUOB,PEID,MUIC,PEEG
NUOC,PEIH,MUIM,PEEJ
NUUB,PEOB,MUOB,PEIB
NUUC,PEOH,MUOJ,PEIC
NUUF,PEUB,MUOL,PEIM
NUUJ,PEUH,MUUD,PEOF
NUUL,PIAJ,NAAK,PEOK
PAAB,PIIG,NAEB,PEUM
PAAD,PIIJ,NAED,PIAB
PAEF,PIOC,NAEK,PIAC
PAIF,PIUH,NAEL,PIAG
PAOF,PIUL,NAIJ,PIEG
PAOG,POAJ,NAIK,PIIC
PAOH,POAK,NAIM,PIID
PAOL,POEB,NAOF,PIIK
PAUH,POEG,NAOH,PIOB
PEAC,POIG,NAUL,PIOD
PEAD,POOB,NEAB,PIOG
PEAM,POOC,NEAC,PIUB
PEEF,POUG,NEAH,PIUF
PEIF,POUJ,NEEC,PIUJ
PEIJ,POUK,NEEJ,PIUK
PEIK,PUAL,NEIG,POAB
PEOC,PUEH,NEOB,POAC
PEOL,PUEL,NEOD,POAL
PEUF,PUIF,NEOH,POAM
PIAD,PUIJ,NEOL,POEK
PIAF,PUOH,NEOM,POIB
PIEB,PUOL,NIAB,POIF
PIEC,PUUG,NIAG,POIH
PIEH,PUUH,NIAJ,POIL
PIEJ,QAAC,NIAK,POUM
PIIF,QAAK,NIEC,PUAB
PIIH,QAAL,NIED,PUAF
PIIL,QAEC,NIEK,PUAG
PIIM,QAEH,NIIG,PUAH
PIOH,QAEJ,NIUG,PUAM
PIOK,QAIG,NIUH,PUEB
PIOL,QAIM,NIUL,PUEC
PIUD,QAOB,NOAB,PUED
PIUM,QAOC,NOAL,PUEG
POAG,QAUD,NOEG,PUEK
POAH,QEAJ,NOEJ,PUEM
POED,QEEK,NOIC,PUIB
POIC,QEOG,NOID,PUIH
POIJ,QEOL,NOIJ,PUOG
POIM,QEUB,NOOH,PUUC
POOG,QEUK,NOOM,PUUF
POOJ,QEUL,NOUK,PUUM
POUC,QIAB,NOUL,QAAD
POUD,QIAC,NUAH,QAAH
PUIC,QIAH,NUAK,QAEB
PUID,QIEB,NUAL,QAED
PUIG,QIED,NUEG,QAEG
PUIL,QIEG,NUEL,QAIB
PUOC,QIEJ,NUID,QAIF
PUOF,QIIF,NUIJ,QAIH
PUOJ,QIOB,NUIL,QAOD
PUOK,QIOD,NUOD,QAOJ
PUOM,QIOH,NUOG,QAOK
PUUB,QIOJ,NUOH,QAUB
PUUD,QIOM,NUOJ,QAUL
PUUL,QIUD,NUUD,QEAF
QAAG,QIUG,NUUH,QEAH
QAAM,QOAC,NUUM,QEAL
QAEF,QOAF,PAAH,QEAM
QAEK,QOAG,PAAJ,QEEC
QAEM,QOEK,PAEG,QEED
QAIC,QOIH,PAEH,QEEH
QAIJ,QOUG,PAEL,QEEM
QAOF,QOUK,PAEM,QEIF
QAOH,QOUL,PAIC,QEIG
QAOM,QOUM,PAIM,QEIM
QAUG,QUAC,PAOK,QEOB
QAUH,QUAJ,PAUB,QEOC
QEAB,QUEC,PAUD,QEUD
QEAC,QUEF,PAUF,QEUG
QEAK,QUEH,PAUM,QEUJ
QEEF,QUEJ,PEAJ,QIAD
QEEL,QUEK,PEEH,QIAK
QEIC,QUEL,PEIG,QIAM
QEID,QUIF,PEOD,QIEC
QEIH,QUOM,PEOG,QIEK
QEIL,QUUB,PEOJ,QIEL
QEOD,QUUH,PEOM,QIIB
QEOH,RAAB,PEUC,QIIC
QEOM,RAAG,PEUD,QIUB
QEUH,RAED,PEUG,QOAL
QEUM,RAEF,PEUJ,QOEB
QIAG,RAIH,PIAH,QOEF
QIAJ,RAIK,PIAK,QOEH
QIEF,RAOJ,PIAM,QOEL
QIEM,REAG,PIEM,QOIC
QIIG,REAK,PIIB,QOID
QIIH,REEB,PIOF,QOIK
QIIL,REEC,PIOJ,QOIM
QIIM,REEM,PIOM,QOOC
QIOC,REIH,PIUC,QOOD
QIOG,REOH,PIUG,QOOH
QIOK,REUB,POAD,QOOK
QIOL,REUL,POAF,QOOL
QIUK,RIAG,POEC,QUIB
QIUL,RIAH,POEJ,QUIG
QIUM,RIAK,POID,QUIJ
QOAB,RIEB,POIK,QUOC
QOAM,RIIF,POOM,QUOF
QOEG,RIIJ,POUB,QUUC
QOEJ,RIUB,POUH,QUUF
QOEM,RIUF,PUAC,QUUJ
QOIF,RIUJ,PUAD,QUUL
QOIJ,RIUM,PUAJ,RAAJ
QOIL,ROAC,PUAK,RAEG
QOOB,ROED,PUEF,RAEM
QOOF,ROEG,PUEJ,RAIJ
QOOJ,ROEL,PUOB,RAIM
QOOM,ROIC,PUOD,RAOC
QOUC,ROIG,PUUJ,RAOK
QOUD,ROUF,PUUK,RAUJ
QOUH,ROUG,QAAB,REAC
QUAH,ROUL,QAAF,REAH
QUAM,RUAB,QAAJ,REEH
QUEB,RUAH,QAEL,REEJ
QUED,RUAM,QAIK,REIC
QUEG,RUEC,QAIL,REIK
QUIK,RUEM,QAOG,REOB
QUIL,RUIK,QAUC,REOC
QUIM,RUOD,QAUF,REOF
QUOH,RUOK,QAUJ,REOK
QUOK,SAAH,QAUK,REUG
RAAC,SAED,QAUM,REUJ
RAEB,SAEG,QEAD,REUM
RAEH,SAIB,QEAG,RIAD
RAEK,SAIF,QEEB,RIAJ
RAEL,SAIJ,QEEG,RIEH
RAIF,SAIM,QEEJ,RIIG
RAIG,SAOD,QEIB,RIOB
RAOB,SAOF,QEIJ,RIOC
RAOF,SAOG,QEIK,RIOF
RAUB,SAOK,QEOF,RIUG
RAUF,SAOM,QEOJ,RIUK
REAF,SAUC,QEOK,ROAB
REAJ,SEAF,QEUC,ROAF
REIB,SEAK,QEUF,ROIF
REIJ,SEEF,QIAF,ROIM
REIL,SEEG,QIAL,ROOC
REOJ,SEIG,QIEH,ROOH
REOM,SEOB,QIID,ROUB
REUH,SEOG,QIIJ,ROUD
RIAB,SEOH,QIIK,ROUH
RIAF,SEOK,QIOF,ROUK
RIEG,SEOL,QIUC,RUAC
RIIH,SEUJ,QIUF,RUAD
RIIK,SEUK,QIUH,RUAJ
RIIM,SEUM,QIUJ,RUEB
RIOD,SIAD,QOAD,RUEG
ROAG,SIEM,QOAH,RUEH
ROAH,SIID,QOAJ,RUEJ
ROAJ,SIIF,QOAK,RUEK
ROAL,SIOB,QOEC,RUIB
ROEJ,SIUC,QOED,RUIC
ROID,SIUJ,QOIB,RUID
ROIH,SIUK,QOIG,RUIH
ROOB,SOAF,QOOG,RUIJ
ROOG,SOAH,QOUB,RUOC
ROOL,SOEM,QOUF,RUOJ
ROUC,SOIB,QOUJ,RUUD
ROUJ,SOIG,QUAB,RUUM
ROUM,SOOF,QUAF,SAAB
RUAK,SOOH,QUEM,SAAG
RUEF,SOOK,QUIC,SAEF
RUEL,SOOL,QUIH,SAEM
RUOB,SOUB,QUOB,SAOC
RUOG,SOUG,QUOG,SAUG
RUOH,SOUK,QUOJ,SAUK
RUOM,SUAB,QUOL,SEAB
RUUB,SUAJ,QUUD,SEAJ
RUUL,SUAK,QUUG,SEEJ
SAAD,SUEG,QUUK,SEIB
SAAK,SUEM,QUUM,SEOF
SAAL,SUIK,RAAH,SEUB
SAIG,SUOC,RAAL,SEUD
SAIH,SUOD,RAEC,SIAB
SAIK,SUOF,RAEJ,SIAG
SAUB,SUOG,RAIB,SIAH
SAUD,SUOH,RAIC,SIEB
SAUF,SUOJ,RAOD,SIEL
SAUH,SUOL,RAOG,SIIB
SAUJ,SUUF,RAOH,SIIC
SEAG,SUUG,RAOL,SIIH
SEAH,SUUJ,RAOM,SIOC
SEEC,TAAD,RAUC,SIOG
SEEH,TAAF,RAUD,SIOH
SEIC,TAEB,RAUG,SIOK
SEIJ,TAEG,RAUK,SIUB
SEIK,TAEJ,RAUM,SIUD
SEIL,TAEK,REAB,SOAB
SEOC,TAIM,REIG,SOED
SEOD,TAOD,REOD,SOEG
SEOJ,TAOL,REOG,SOID
SEUC,TAUF,REOL,SOIJ
SEUH,TAUG,REUC,SOOC
SIAJ,TAUJ,REUD,SOOD
SIAK,TEAF,REUF,SOUC
SIIJ,TEID,RIAC,SOUD
SIIK,TEOF,RIAM,SUAD
SIIL,TEOH,RIEC,SUAH
SIIM,TEUK,RIEJ,SUAL
SIOJ,TEUL,RIIB,SUAM
SIOL,TIAC,RIIC,SUEB
SIOM,TIAJ,RIID,SUEL
SIUH,TIEM,RIIL,SUID
SOAD,TIID,RIOG,SUIF
SOAJ,TIIG,RIOH,SUIG
SOEB,TIIH,RIOJ,SUOB
SOEJ,TIUB,RIOK,SUUC
SOIF,TIUJ,RIOL,SUUD
SOIH,TIUK,RIOM,SUUH
SOIK,TOAC,RIUC,SUUL
SOIM,TOAK,RIUD,TAAB
SOOG,TOIC,RIUH,TAAH
SOOJ,TOID,RIUL,TAEC
SOOM,TOIF,ROAK,TAEH
SOUH,TOUC,ROEB,TAUC
SOUJ,TOUD,ROEC,TAUD
SUEK,TOUK,ROEH,TAUH
SUIM,TUAC,ROIB,TEAB
SUOK,TUAD,ROIJ,TEAC
SUUB,TUAG,ROIK,TEAH
SUUM,TUAJ,ROOJ,TEEG
TAAG,TUAK,RUAF,TEEL
TAEF,TUAM,RUAG,TEIG
TAEM,TUEB,RUAL,TEIH
TAIB,TUEF,RUOF,TEOB
TAIC,TUEG,RUOL,TEOD
TAID,TUEH,RUUC,TEOM
TAIF,TUOB,RUUF,TIAM
TAIG,TUOD,RUUG,TIEK
TAIJ,TUOF,RUUH,TIIL
TAIK,TUOH,RUUJ,TIIM
TAOC,TUUK,RUUK,TIOC
TAOF,VAAB,SAAC,TIOD
TAOK,VAAD,SAAF,TIOM
TAOM,VAAF,SAAJ,TIUC
TAUL,VAEC,SAEB,TOAB
TAUM,VAED,SAEC,TOAF
TEAD,VAEG,SAEH,TOAH
TEAJ,VAEK,SAEJ,TOAL
TEEB,VAEM,SAEK,TOEK
TEEC,VAIC,SAEL,TOIG
TEIB,VAIK,SAIC,TOIK
TEIF,VAIM,SAOB,TOOC
TEIK,VAOH,SAOH,TOOF
TEOC,VAUD,SAOJ,TOUB
TEOG,VAUF,SAOL,TOUG
TEOJ,VAUG,SEAC,TUAL
TEOL,VAUL,SEAD,TUEK
TEUB,VEEC,SEEB,TUEM
TEUC,VEIB,SEIF,TUOJ
TEUD,VEIH,SEIH,TUOK
TEUF,VEOB,SEIM,TUOL
TEUJ,VEOG,SEOM,TUUG
TIAB,VEOH,SEUF,TUUJ
TIAG,VEOL,SEUG,TUUM
TIAK,VEOM,SEUL,VAAC
TIEL,VEUC,SIAC,VAEB
TIIB,VEUD,SIAF,VAEF
TIIC,VEUM,SIAM,VAEH
TIIJ,VIAF,SIEC,VAEJ
TIOF,VIEC,SIED,VAEL
TIOH,VIEG,SIEH,VAOB
TIUF,VIEK,SIEJ,VAOC
TIUH,VIIB,SIEK,VAOF
TIUL,VIIC,SIIG,VAOK
TIUM,VIIM,SIOD,VAUB
TOAG,VIOC,SIOF,VAUK
TOEC,VIOF,SIUF,VEAH
TOEH,VOEC,SIUG,VEAJ
TOEM,VOED,SIUL,VEEF
TOIH,VOEH,SIUM,VEEJ
TOIJ,VOIB,SOAC,VEIF
TOOD,VOIF,SOAG,VEIK
TOOH,VOIK,SOAL,VEIM
TOUF,VOIL,SOAM,VEOD
TOUL,VOOB,SOEC,VEUJ
TOUM,VOOG,SOEF,VEUK
TUAB,VOOJ,SOEH,VIAC
TUED,VOOL,SOEL,VIAM
TUIF,VOOM,SOIC,VIEB
TUIH,VOUG,SOOB,VIIF
TUIJ,VUAC,SOUF,VIIJ
TUIK,VUAJ,SOUM,VIOD
TUIM,VUAM,SUAC,VIOK
TUOG,VUEF,SUAF,VIUB
TUUC,VUEG,SUAG,VIUC
TUUL,VUEJ,SUEC,VIUG
VAAJ,VUEL,SUEF,VOAB
VAIB,VUID,SUEH,VOAC
VAID,VUOF,SUEJ,VOAG
VAIF,VUOJ,SUIB,VOAH
VAIG,VUOL,SUIC,VOEB
VAIH,WAAF,SUIH,VOEF
VAIJ,WAAM,SUIJ,VOIJ
VAOD,WAEG,SUIL,VOIM
VAOJ,WAIC,SUOM,VOOD
VAOL,WAIJ,SUUK,VOOF
VAOM,WAOB,TAAC,VOOH
VAUH,WAOJ,TAAJ,VOUB
VAUJ,WAOK,TAAM,VOUC
VAUM,WAUC,TAED,VOUJ
VEAC,WAUJ,TAIH,VOUK
VEAD,WAUM,TAOB,VOUL
VEAM,WEAD,TAOG,VUAB
VEEB,WEAF,TAOH,VUAD
VEIG,WEEB,TAOJ,VUAG
VEOC,WEIC,TAUK,VUAH
VEOF,WEOB,TEAG,VUED
VEOJ,WEOJ,TEEH,VUEH
VEUB,WEOK,TEEJ,VUEM
VEUF,WEUJ,TEIC,VUIJ
VEUG,WIAB,TEIJ,VUIK
VEUH,WIAF,TEIM,VUOG
VEUL,WIEJ,TEOK,VUOM
VIAB,WIEM,TEUH,VUUB
VIAD,WIIF,TEUM,VUUD
VIAH,WIOB,TIAD,VUUM
VIAK,WIOF,TIAF,WAAH
VIEJ,WIOG,TIAH,WAAJ
VIID,WIOH,TIAL,WAEB
VIIG,WIUG,TIEB,WAED
VIIH,WOAF,TIEC,WAEF
VIIL,WOAJ,TIEG,WAEH
VIOG,WOAL,TIEH,WAEK
VIOJ,WOEJ,TIEJ,WAID
VIUF,WOEK,TIIF,WAIK
VIUH,WOEL,TIIK,WAOD
VIUJ,WOEM,TIOB,WAUB
VIUL,WOIL,TIOG,WAUG
VIUM,WOOJ,TIOJ,WEAJ
VOAD,WOUF,TIOK,WEEJ
VOAJ,WOUG,TIOL,WEIK
VOAL,WOUH,TIUD,WEIM
VOAM,WOUK,TIUG,WEOD
VOEJ,WOUM,TOAJ,WEOG
VOEK,WUAC,TOAM,WEUB
VOEL,WUAJ,TOEB,WEUC
VOEM,WUAK,TOEG,WEUD
VOUD,WUAL,TOEJ,WEUK
VOUF,WUAM,TOEL,WIAD
VOUH,WUEF,TOIB,WIAH
VUAF,WUEJ,TOIM,WIAJ
VUEB,WUIG,TOOB,WIEB
VUEC,WUIJ,TOOJ,WIIB
VUEK,WUOC,TOUH,WIIH
VUIB,WUOD,TOUJ,WIIL
VUIC,WUOF,TUAF,WIIM
VUIH,WUOH,TUAH,WIOC
VUIM,WUOK,TUEC,WIOK
VUOC,WUOL,TUEJ,WIOM
VUOD,WUOM,TUEL,WIUB
VUUH,WUUM,TUIB,WIUC
VUUL,XAAB,TUIC,WIUD
WAAB,XAAC,TUID,WIUF
WAAD,XAAK,TUOC,WIUH
WAEC,XAEF,TUOM,WIUK
WAEM,XAEK,TUUB,WIUL
WAIG,XAIB,TUUD,WOAB
WAIM,XAIH,TUUF,WOAK
WAOC,XAOG,TUUH,WOAM
WAOL,XAOH,VAAH,WOED
WAUD,XAOK,VAOG,WOEH
WAUF,XAUF,VAUC,WOIF
WEAC,XAUJ,VEAB,WOIM
WEAH,XAUK,VEAF,WOOM
WEAM,XEAB,VEAG,WOUJ
WEEF,XEAD,VEAK,WUEB
WEID,XEAF,VEED,WUEL
WEIF,XEEG,VEEH,WUID
WEIG,XEEM,VEEK,WUIL
WEIH,XEID,VEIC,WUOB
WEOC,XEIG,VEID,WUOG
WEOF,XEOB,VEIJ,WUOJ
WEOH,XEUC,VEOK,XAEH
WEUG,XIAB,VIAG,XAEM
WEUH,XIAG,VIAJ,XAIC
WEUL,XIAK,VIEM,XAID
WEUM,XIEB,VIIK,XAIJ
WIAG,XIEC,VIOB,XAOB
WIAL,XIEK,VIOH,XAOD
WIAM,XIEM,VIOM,XAOJ
WIEF,XIIB,VIUD,XAUM
WIIC,XIID,VIUK,XEAH
WIID,XIIK,VOAF,XEAJ
WIIG,XIOH,VOAK,XEAL
WOAG,XIUB,VOIG,XEED
WOAH,XIUC,VOIH,XEIB
WOEG,XIUK,VOOC,XEIC
WOIB,XOAB,VOOK,XEIH
WOID,XOAM,VOUM,XEOF
WOIG,XOEC,VUAK,XEOG
WOIH,XOED,VUAL,XEOK
WOIJ,XOEF,VUIF,XEOL
WOOB,XOEL,VUOB,XEOM
WOOH,XOID,VUOH,XEUB
WOUC,XOIF,VUOK,XEUD
WOUL,XOIH,VUUC,XEUG
WUAB,XOIL,VUUF,XIEH
WUAD,XOIM,VUUG,XIIJ
WUAF,XOOB,VUUJ,XIIM
WUAH,XOOJ,VUUK,XIUD
WUEC,XOOK,WAAC,XIUL
WUED,XOUC,WAEJ,XIUM
WUEG,XOUF,WAEL,XOAD
WUEH,XOUG,WAIB,XOEH
WUEK,XOUJ,WAIH,XOIJ
WUIB,XUAD,WAOF,XOOF
WUIC,XUAM,WAOG,XUAB
WUIF,XUEF,WAOH,XUAK
WUIM,XUEG,WAOM,XUEB
WUUD,XUEH,WAUH,XUEC
WUUH,XUEL,WEAB,XUED
WUUJ,XUEM,WEAG,XUEJ
XAAD,XUIB,WEEC,XUEK
XAAF,XUID,WEEG,XUIG
XAAH,XUIF,WEEH,XUIH
XAAJ,XUIJ,WEEM,XUIM
XAAM,XUOH,WEIB,XUOF
XAEB,XUOJ,WEIJ,XUOL
XAED,XUUB,WEOL,XUOM
XAEL,XUUH,WEOM,XUUD
XAIF,XUUJ,WEUF,XUUM
XAIK,XUUL,WIAC,YAAD
XAIL,YAAC,WIAK,YAAJ
XAIM,YAAF,WIEC,YAAL
XAOF,YAAG,WIEH,YAAM
XAOM,YAEC,WIIJ,YAEJ
XAUH,YAEL,WIIK,YAIC
XAUL,YAIG,WIOD,YAID
XEAC,YAIM,WIOJ,YAIH
XEAG,YAOL,WIOL,YAOC
XEEB,YAOM,WIUJ,YAOF
XEEF,YAUB,WIUM,YAUC
XEEJ,YAUF,WOAC,YAUK
XEEK,YAUL,WOEB,YEAK
XEIF,YEAC,WOEC,YEAL
XEIL,YEED,WOIC,YEEH
XEIM,YEEM,WOIK,YEID
XEUF,YEIF,WOOK,YEIG
XEUH,YEIH,WOUB,YEIL
XEUJ,YEIK,WUAG,YEOG
XEUK,YEOF,WUEM,YEOH
XEUM,YEOJ,WUIH,YEUH
XIAD,YEOK,WUIK,YIAD
XIAF,YEOL,WUUB,YIAG
XIAJ,YEUL,WUUC,YIEG
XIAM,YIAB,WUUF,YIEH
XIED,YIAC,WUUG,YIIG
XIEF,YIAF,WUUK,YIOB
XIEG,YIAJ,WUUL,YIOH
XIEJ,YIAM,XAAG,YIUG
XIIC,YIEB,XAAL,YIUL
XIIH,YIED,XAEC,YOAB
XIIL,YIEF,XAEG,YOAC
XIOC,YIEJ,XAEJ,YOAG
XIOD,YIEL,XAIG,YOAJ
XIOF,YIIB,XAOC,YOEC
XIOJ,YIIL,XAOL,YOEM
XIOL,YIOG,XAUB,YOIG
XIOM,YIUB,XAUC,YOIM
XIUF,YIUF,XAUD,YOOB
XIUH,YIUH,XAUG,YOOD
XOAF,YIUJ,XEAK,YOOF
XOAH,YIUK,XEAM,YOOG
XOEB,YOAF,XEEC,YOOJ
XOEJ,YOAH,XEEH,YOUH
XOIC,YOAL,XEEL,YOUK
XOIG,YOED,XEIJ,YUAB
XOOC,YOEJ,XEIK,YUAD
XOOG,YOEK,XEOC,YUAF
XOUH,YOEL,XEOD,YUAK
XUAF,YOIF,XEOH,YUEH
XUIK,YOIJ,XEOJ,YUIH
XUIL,YOIL,XEUL,YUIK
XUOB,YOOH,XIAC,YUUB
XUOG,YOOM,XIAH,YUUF
XUOK,YOUB,XIAL,YUUG
XUUF,YOUJ,XIEL,ZAEC
YAAH,YOUL,XIIF,ZAEK
YAAK,YOUM,XIIG,ZAEM
YAEB,YUAH,XIOB,ZAIC
YAED,YUAL,XIOG,ZAIF
YAEH,YUAM,XIOK,ZAIG
YAEM,YUEK,XIUG,ZAIK
YAIB,YUEL,XIUJ,ZAOC
YAIF,YUEM,XOAC,ZAOD
YAIJ,YUIJ,XOAG,ZAOJ
YAIK,YUOG,XOAJ,ZAOL
YAOG,YUOJ,XOAK,ZAUF
YAUG,YUOL,XOAL,ZAUG
YAUM,YUUD,XOEG,ZAUJ
YEAG,YUUH,XOEK,ZEAH
YEAM,ZAAJ,XOEM,ZEAJ
YEEB,ZAAM,XOIB,ZEAM
YEEF,ZAEG,XOIK,ZEID
YEEG,ZAEJ,XOOD,ZEIG
YEEK,ZAEL,XOOH,ZEOD
YEIB,ZAIB,XOOL,ZEOF
YEIC,ZAIH,XOOM,ZEUJ
YEIJ,ZAIJ,XOUB,ZEUL
YEIM,ZAIL,XOUD,ZEUM
YEOB,ZAIM,XOUK,ZIAD
YEOC,ZAOB,XOUL,ZIAF
YEOD,ZAOG,XOUM,ZIED
YEUB,ZAUB,XUAC,ZIEM
YEUD,ZAUC,XUAG,ZIIF
YIAH,ZAUL,XUAH,ZIIG
YIAK,ZEEC,XUAJ,ZIOB
YIEM,ZEED,XUAL,ZIOG
YIIF,ZEEH,XUIC,ZIOH
YIIH,ZEEJ,XUOC,ZIOJ
YIIM,ZEIJ,XUOD,ZIUB
YIOD,ZEOJ,XUUC,ZIUC
YIOF,ZEOL,XUUG,ZIUG
YIOJ,ZEUB,XUUK,ZIUJ
YIOM,ZEUF,YAAB,ZOAC
YOAD,ZIAG,YAEF,ZOAG
YOAM,ZIAJ,YAEG,ZOAK
YOEB,ZIAM,YAEK,ZOAM
YOEF,ZIEB,YAIL,ZOIF
YOEG,ZIEG,YAOB,ZOOD
YOEH,ZIIJ,YAOD,ZOUF
YOIB,ZIOL,YAOH,ZOUG
YOIC,ZOAD,YAOJ,ZOUH
YOID,ZOAF,YAOK,ZOUM
YOIK,ZOEC,YAUH,ZUAH
YOOC,ZOED,YAUJ,ZUAK
YOUD,ZOEG,YEAB,ZUAL
YOUF,ZOEH,YEAD,ZUAM
YUAJ,ZOIK,YEAF,ZUEG
YUEB,ZOOH,YEAJ,ZUIC
YUED,ZOUK,YEEC,ZUIF
YUEF,ZOUL,YEEJ,ZUOD
YUIB,ZUAG,YEEL,ZUOG
YUIC,ZUED,YEOM,ZUOJ
YUIF,ZUEL,YEUC,ZUOK
YUIL,ZUIB,YEUF,ZUOL
YUOH,ZUIH,YEUG,ZUUB
YUOK,ZUIJ,YEUJ,ZUUH
YUUJ,ZUIK,YEUM,ZAAT
YUUL,ZUOF,YIAL,ZAAX
YUUM,ZUOM,YIEC,ZAAY
ZAAB,ZUUF,YIEK,ZAIP
ZAAC,ZUUM,YIIC,ZAIX
ZAAH,ZAEP,YIID,ZAOT
ZAED,ZAEV,YIIJ,ZAUP
ZAEH,ZAEW,YIIK,ZAUT
ZAID,ZAIN,YIOC,ZEAS
ZAOF,ZAIS,YIOK,ZEAY
ZAOH,ZAIW,YIOL,ZEEV
ZAOK,ZAOS,YIUC,ZEEY
ZAOM,ZAUN,YIUD,ZEIV
ZAUH,ZAUQ,YIUM,ZEOS
ZEAB,ZAUR,YOAK,ZEOY
ZEAD,ZAUX,YOIH,ZEUT
ZEAK,ZEIQ,YOOK,ZEUX
ZEIC,ZEIX,YOOL,ZIAX
ZEIM,ZEIY,YOUC,ZIAY
ZEOB,ZEOQ,YOUG,ZIES
ZEOC,ZEOX,YUAC,ZIEY
ZEOH,ZEUP,YUAG,ZIIN
ZEOK,ZEUV,YUEC,ZIIS
ZEOM,ZEUY,YUEG,ZIOP
ZEUD,ZIAS,YUEJ,ZIOQ
ZEUH,ZIAT,YUID,ZIOT
ZEUK,ZIAV,YUIG,ZIUP
ZIAK,ZIEP,YUIM,ZIUT
ZIAL,ZIEW,YUOB,ZOAS
ZIEC,ZIIQ,YUOC,ZOEQ
ZIID,ZIIV,YUOD,ZOER
ZIIH,ZIOS,YUOF,ZOES
ZIIL,ZIOX,YUOM,ZOEV
ZIIM,ZIOY,YUUC,ZOEX
ZIOD,ZIUW,YUUK,ZOOQ
ZIOK,ZIUX,ZAAF,ZOOX
ZIUL,ZIUY,ZAEB,ZOOY
ZIUM,ZOAR,ZAEF,ZOUN
ZOAH,ZOAX,ZAUD,ZOUW
ZOAJ,ZOEW,ZAUK,ZOUX
ZOEJ,ZOEY,ZEAC,ZUAS
ZOID,ZOIQ,ZEAF,ZUAW
ZOIG,ZOIS,ZEAG,ZUEP
ZOIJ,ZOIV,ZEEB,ZUEW
ZOIL,ZOIX,ZEIB,ZUIS
ZOOB,ZOIY,ZEIF,ZUIV
ZOOC,ZOUQ,ZEIH,ZUON
ZOOF,ZUAT,ZEOG,ZUOP
ZOOJ,ZUAY,ZEUC,ZUOW
ZOUB,ZUEN,ZIAB,ZUOX
ZUAB,ZUER,ZIAC,ZUOY
ZUAJ,ZUEV,ZIAH,ZUUW
ZUEH,ZUEX,ZIEF,ZEAZ
ZUEM,ZUIN,ZIEH,ZEEZ
ZUIM,ZUUN,ZIEJ,ZEOZ
ZUOB,ZUUY,ZIIB,ZEUZ
ZUOC,ZAEZ,ZIIC,ZIOZ
ZUOH,ZAIZ,ZIIK,ZOAZ
ZUUC,ZAOZ,ZIOC,ZOIZ
ZUUG,ZIUZ,ZIOF,ZOOZ
ZUUJ,ZOEZ,ZIOM,ZOUZ
ZUUK,ZUOZ,ZIUD,ZUAZ
ZAAR,NEAZ,ZIUF,ZUIZ
ZAEN,NEOZ,ZIUH,NIEZ
ZAEX,NIOZ,ZIUK,NOUZ
ZAIR,NIUZ,ZOEB,NUEZ
ZAIT,NOEZ,ZOEM,NUIZ
ZAIV,NUAZ,ZOIB,NUOZ
ZAIY,PAEZ,ZOIH,NUUZ
ZAON,PEEZ,ZOIM,PAOZ
ZAOP,PIEZ,ZOOK,PAUZ
ZAOQ,POAZ,ZOUC,PEAZ
ZAOV,PUEZ,ZOUD,PEOZ
ZAOW,PUIZ,ZOUJ,PIAZ
ZAUS,QAEZ,ZUAC,PIOZ
ZAUW,QEEZ,ZUAD,PIUZ
ZEAN,QUEZ,ZUAF,POEZ
ZEAP,RAAZ,ZUEB,POOZ
ZEAQ,RAUZ,ZUEC,POUZ
ZEAR,REAZ,ZUEF,QAAZ
ZEAV,REOZ,ZUEJ,QAOZ
ZEAW,RUEZ,ZUEK,QEAZ
ZEAX,RUIZ,ZUIG,QEOZ
ZEEQ,RUUZ,ZUUD,QEUZ
ZEIP,SAUZ,ZUUL,QIAZ
ZEIR,SEEZ,ZAAP,QIEZ
ZEIT,SEIZ,ZAAQ,QIOZ
ZEON,SOEZ,ZAAS,QOUZ
ZEOP,TAEZ,ZAAV,QUAZ
ZEOT,TAIZ,ZAAW,QUUZ
ZIAN,TEOZ,ZAEQ,RAEZ
ZIAQ,TEUZ,ZAER,RAIZ
ZIEQ,TIOZ,ZAES,RAOZ
ZIEX,TOIZ,ZAET,REUZ
ZIIR,TOOZ,ZAEY,RIEZ
ZIIX,TUAZ,ZAIQ,RIUZ
ZIOV,TUOZ,ZAOR,ROEZ
ZOAP,VAAZ,ZAOX,ROUZ
ZOAQ,VAEZ,ZAOY,RUAZ
ZOAT,VAOZ,ZAUV,SEAZ
ZOAW,VEAZ,ZAUY,SEUZ
ZOEP,VEUZ,ZEAT,SIIZ
ZOIN,VIUZ,ZEEW,SIUZ
ZOIR,VUAZ,ZEEX,SUEZ
ZOIT,VUIZ,ZEIW,SUIZ
ZOIW,VUUZ,ZEOR,TAAZ
ZOOV,WAAZ,ZEOV,TEEZ
ZOUP,WIAZ,ZEOW,TIEZ
ZOUS,WIUZ,ZEUN,VIAZ
ZOUV,WOEZ,ZEUQ,VOIZ
ZOUY,WOOZ,ZEUW,VOOZ
ZUAQ,WOUZ,ZIAP,VOUZ
ZUAX,WUOZ,ZIAR,VUOZ
ZUEQ,XAIZ,ZIAW,WAOZ
ZUET,XAUZ,ZIEV,WAUZ
ZUEY,XEIZ,ZIIP,WEUZ
ZUIR,XEOZ,ZIIT,WIIZ
ZUIT,XIEZ,ZIIW,WUIZ
ZUOQ,XIOZ,ZIIY,XAAZ
ZUOS,XOIZ,ZIOR,XEAZ
ZUOT,XUAZ,ZIOW,XEEZ
ZUUP,XUUZ,ZIUN,XEUZ
ZUUQ,YAAZ,ZIUQ,XIUZ
ZUUS,YOUZ,ZIUR,XUIZ
ZAUZ,YUIZ,ZIUS,XUOZ
ZEIZ,NAAV,ZIUV,YEEZ
ZIEZ,NAAY,ZOAN,YEUZ
ZUUZ,NAEP,ZOAV,YIEZ
NAAZ,NAET,ZOAY,YIIZ
NAIZ,NAIP,ZOIP,YOEZ
NEEZ,NAON,ZOOT,YUEZ
NEIZ,NAOP,ZOOW,YUOZ
NEUZ,NAOR,ZOUR,YUUZ
NIIZ,NAOV,ZUAN,NAAP
NOAZ,NAOW,ZUAP,NAAS
NOIZ,NAOX,ZUAR,NAAX
PIIZ,NAUV,ZUAV,NAER
QAUZ,NAUX,ZUES,NAEW
QIIZ,NEAQ,ZUIQ,NAEX
QIUZ,NEAX,ZUIW,NAIY
QOEZ,NEEV,ZUIX,NAOT
QOOZ,NEEY,ZUIY,NAUQ
RIAZ,NEIX,ZUOR,NAUS
RIOZ,NEOW,ZUOV,NAUT
ROIZ,NEOX,ZUUT,NAUY
SAEZ,NEUW,ZUUV,NEAY
SAIZ,NIAQ,ZUUX,NEEW
SAOZ,NIAR,ZAAZ,NEEX
SEOZ,NIAW,ZIAZ,NEIP
SIAZ,NIIT,ZIIZ,NEIQ
SIEZ,NIIW,ZUEZ,NEIS
SOIZ,NION,NAEZ,NEIT
SOOZ,NIOP,NAOZ,NEIV
SUAZ,NIOS,NAUZ,NEIY
SUOZ,NIUV,NIAZ,NEUX
TAOZ,NOAS,NOOZ,NIAP
TAUZ,NOET,PAAZ,NIAS
TEAZ,NOEX,PAIZ,NIAY
TEIZ,NOIV,PEIZ,NIEW
TIIZ,NOOP,PEUZ,NIIX
TIUZ,NOOQ,POIZ,NIIY
TUEZ,NOUP,PUAZ,NIOQ
TUUZ,NOUV,PUOZ,NIUP
VAIZ,NOUW,PUUZ,NIUR
VEIZ,NUAN,QAIZ,NIUS
VEOZ,NUEQ,QEIZ,NIUW
VIEZ,NUIP,QOAZ,NOAQ
VIOZ,NUIQ,QOIZ,NOAV
VOEZ,NUIS,QUOZ,NOAY
WAEZ,NUIV,REEZ,NOIN
WAIZ,NUOQ,RIIZ,NOIQ
WIEZ,NUUN,ROAZ,NOIS
WIOZ,NUUT,ROOZ,NOIX
WOAZ,NUUY,RUOZ,NOOS
WUAZ,PAAQ,SAAZ,NOOY
XAOZ,PAAT,SIOZ,NUAP
XIAZ,PAEN,SOAZ,NUAR
XOAZ,PAET,SOUZ,NUAV
YAEZ,PAIT,SUUZ,NUES
YAIZ,PAIV,TIAZ,NUIN
YAUZ,PAOQ,TOAZ,NUIW
YEAZ,PAOR,TOEZ,NUIX
YEIZ,PAUN,TOUZ,NUUS
YIOZ,PEAQ,TUIZ,NUUV
YOAZ,PEOX,VAUZ,NUUX
YOIZ,PEUN,VEEZ,PAEQ
YOOZ,PEUP,VIIZ,PAER
YUAZ,PEUQ,VOAZ,PAEV
NAAT,PEUV,VUEZ,PAEW
NAAW,PIAP,WEAZ,PAEX
NAEN,PIEV,WEEZ,PAIX
NAEY,PIEW,WEIZ,PAOT
NAIQ,PIIN,WEOZ,PAOX
NAIW,PIIX,WOIZ,PAUR
NAIX,PIUN,WUEZ,PAUT
NAOY,PIUV,WUUZ,PAUX
NAUP,POAR,XAEZ,PEAV
NEAN,POAV,XIIZ,PEAX
NEAV,POAY,XOEZ,PEAY
NEES,POEV,XOOZ,PEIP
NEIR,POIN,XOUZ,PEIQ
NEOP,POIW,XUEZ,PEIR
NEOR,POIX,YAOZ,PEIT
NEOS,POIY,YEOZ,PEIX
NEOT,POOQ,YIAZ,PEOQ
NEOV,POOX,YIUZ,PEOT
NEUQ,POUV,NAAQ,PEOV
NEUV,PUAX,NAEQ,PEOW
NIAN,PUAY,NAES,PEOY
NIAX,PUEQ,NAEV,PEUS
NIEV,PUER,NAIN,PEUX
NIEX,PUET,NAIR,PEUY
NIEY,PUEW,NAIS,PIAQ
NIIP,PUEY,NAIT,PIAR
NIIS,PUIS,NAIV,PIEX
NIIV,PUOT,NAOQ,PIIP
NIOR,PUOW,NAUN,PIIQ
NIOT,PUUN,NAUR,PIIV
NIOV,PUUP,NEAW,PIOQ
NIOW,PUUS,NEEQ,PIOS
NIUQ,QAAV,NEIW,PIOW
NIUT,QAAW,NEOQ,PIUT
NIUY,QAAX,NEOY,PIUX
NOAW,QAAY,NEUN,POAQ
NOAX,QAES,NEUP,POAS
NOEP,QAEX,NEUR,POEW
NOEQ,QAON,NEUY,POIR
NOEV,QAOR,NIAT,POIT
NOEY,QAOW,NIAV,POIV
NOIP,QAOY,NIEN,POOV
NOIW,QAUQ,NIEP,POUQ
NOIY,QAUR,NIEQ,POUW
NOOW,QAUS,NIES,PUEN
NOUQ,QAUT,NIIN,PUEP
NOUR,QEER,NIIQ,PUES
NOUX,QEIN,NIIR,PUEX
NUAS,QEIP,NIOX,PUIR
NUEN,QEOS,NIOY,PUIV
NUEP,QEOV,NIUN,PUIX
NUEW,QEOY,NIUX,PUIY
NUIT,QEUV,NOAN,PUOQ
NUOS,QEUX,NOAP,PUOV
NUOT,QIAP,NOAR,PUUV
NUOV,QIAT,NOAT,QAAN
NUOY,QIES,NOER,QAAT
NUUQ,QIEV,NOEW,QAEP
NUUW,QIIN,NOIT,QAEV
PAAV,QIIP,NOOR,QAIV
PAEP,QIIS,NOOV,QAIY
PAIP,QIOR,NOOX,QAOP
PAIW,QIUR,NOUT,QAUN
PAIY,QOAW,NOUY,QEAP
PAOP,QOEX,NUAQ,QEAR
PAOS,QOIT,NUAT,QEEP
PAOV,QOIV,NUAW,QEES
PAOW,QOUN,NUAX,QEEV
PAOY,QOUX,NUAY,QEEW
PAUP,QUAQ,NUER,QEEX
PAUQ,QUAT,NUET,QEIV
PAUV,QUAV,NUEV,QEIW
PEAP,QUEN,NUEX,QEON
PEEY,QUEP,NUEY,QEOT
PEIW,QUEV,NUIR,QEOW
PEOR,QUIN,NUIY,QEUR
PEOS,QUIR,NUON,QEUT
PIAX,QUIW,NUOP,QEUY
PIIR,QUIX,NUOR,QIAS
PIIS,QUOS,NUOW,QIAV
PIIW,QUOW,NUOX,QIAX
PIOP,QUOX,NUUP,QIAY
PIOR,QUUW,NUUR,QIER
PIOV,QUUY,PAAW,QIEX
PIOX,RAEV,PAAX,QIIR
PIOY,RAIR,PAAY,QIIV
PIUP,RAIX,PAES,QIIX
PIUQ,RAIY,PAEY,QION
POIP,RAOT,PAIQ,QIOP
POUP,RAOV,PAON,QIOS
POUX,RAOW,PAUY,QIOV
POUY,REAT,PEAW,QIOX
PUAN,REAV,PEEQ,QIUN
PUAV,REAW,PEEV,QIUS
PUAW,REAX,PEEW,QIUT
PUEV,REEW,PEEX,QIUW
PUIP,REEX,PEIV,QIUY
PUIW,REEY,PEIY,QOAN
PUOR,REIQ,PEOP,QOAS
PUOS,REIY,PEUW,QOAV
PUUW,REOQ,PIAT,QOIP
PUUX,REOS,PIAV,QOIW
QAAP,REOV,PIAW,QOON
QAAQ,REUN,PIAY,QOOQ
QAER,REUP,PIEN,QOOR
QAEW,REUV,PIEQ,QOOT
QAIP,REUX,PIEY,QOOW
QAIQ,RIAP,PIIT,QOUP
QAIS,RIAQ,PIIY,QOUR
QAIX,RIEW,PIUR,QOUV
QAOQ,RIIR,PIUS,QOUW
QAUP,RIIS,PIUW,QOUY
QAUX,RIIX,PIUY,QUAP
QEAN,RIOP,POAN,QUAS
QEAQ,RIOR,POAP,QUAX
QEAS,RIOX,POAT,QUIV
QEEQ,RIUN,POAW,QUON
QEET,ROEN,POAX,QUUR
QEEY,ROEQ,POEQ,QUUS
QEIQ,ROEX,POEX,QUUT
QEIR,ROIN,POEY,QUUV
QEIT,ROIY,POIQ,QUUX
QEIX,ROOW,POOW,RAAS
QEIY,ROUR,POOY,RAEN
QEOQ,ROUY,POUN,RAES
QEOX,RUAR,POUS,RAIS
QEUQ,RUAV,PUAP,RAIV
QEUS,RUEN,PUAQ,RAIW
QIAQ,RUET,PUAR,RAUQ
QIAW,RUEV,PUAS,RAUT
QIEP,RUIP,PUAT,REAN
QIEQ,RUIQ,PUIQ,REAS
QIET,RUIR,PUON,REER
QIEW,RUIX,PUOP,REEV
QIEY,RUOR,PUOX,REIT
QIIQ,RUOS,PUOY,REOT
QIIY,RUOT,PUUQ,REOW
QIOQ,RUOW,PUUT,REOY
QIOT,RUUQ,PUUY,REUR
QIOW,RUUT,QAAR,REUW
QIUQ,SAAN,QAAS,REUY
QIUV,SAAP,QAEN,RIAV
QIUX,SAAR,QAEQ,RIEP
QOAQ,SAAS,QAET,RIEQ
QOEQ,SAEN,QAEY,RIES
QOEW,SAER,QAIR,RIIQ
QOIR,SAIV,QAIW,RIIT
QOIS,SAIW,QAOS,RION
QOIX,SAIX,QAOT,RIOW
QOIY,SAOR,QAOV,RIUS
QOOV,SAOS,QAOX,RIUV
QOUQ,SAUN,QAUV,RIUY
QOUS,SAUQ,QAUW,ROAP
QOUT,SEAP,QAUY,ROAQ
QUEQ,SEAW,QEAT,ROEV
QUER,SEEX,QEAV,ROEW
QUES,SEON,QEAW,ROEY
QUEW,SEOP,QEAX,ROIQ
QUEX,SEOT,QEAY,ROIS
QUIQ,SEOV,QEEN,ROOP
QUOP,SEOX,QEIS,ROOR
QUOR,SIAT,QEOP,ROOY
QUOY,SIEP,QEOR,ROUS
QUUN,SIEV,QEUN,RUAP
QUUP,SIIQ,QEUP,RUAQ
RAAN,SIIT,QEUW,RUAW
RAEP,SIIY,QIAN,RUEW
RAER,SIOP,QIAR,RUEY
RAET,SIOS,QIEN,RUIY
RAIP,SIOV,QIIT,RUON
RAIT,SIOY,QIIW,RUOV
RAOS,SIUP,QIOY,RUOX
RAUN,SIUS,QIUP,RUUY
RAUP,SIUT,QOAP,SAAQ
RAUX,SIUV,QOAR,SAAW
RAUY,SOAT,QOAX,SAAY
REAY,SOAY,QOAY,SAES
REIP,SOEV,QOEN,SAET
REIV,SOIV,QOEP,SAEW
REIX,SOIW,QOET,SAIQ
REON,SOOP,QOEV,SAIT
REOR,SOOV,QOEY,SAIY
RIAN,SOUN,QOIN,SAOW
RIAX,SOUT,QOIQ,SAUP
RIAY,SOUX,QOOP,SAUR
RIEV,SUAQ,QOOS,SAUW
RIEX,SUAT,QOOX,SEAX
RIEY,SUAW,QOOY,SEEV
RIIN,SUIR,QUAN,SEEW
RIIP,SUIV,QUAR,SEIP
RIIW,SUOP,QUAW,SEIQ
RIIY,SUOQ,QUET,SEIR
RIOQ,SUOS,QUIS,SEOW
RIOS,SUOY,QUIY,SEOY
RIOV,SUUN,QUOQ,SEUN
RIOY,SUUP,QUOT,SEUP
RIUP,TAAP,QUOV,SEUS
RIUR,TAAQ,QUUQ,SEUW
RIUW,TAAR,RAAQ,SEUY
RIUX,TAAW,RAAV,SIAQ
ROAT,TAEN,RAAW,SIAR
ROAV,TAER,RAAX,SIEX
ROAW,TAIQ,RAAY,SIIR
ROAX,TAIW,RAEQ,SIIV
ROIT,TAON,RAEW,SIIX
ROIV,TAOQ,RAEX,SIOQ
ROIW,TAUV,RAEY,SIOR
ROOQ,TAUX,RAIQ,SIUN
ROUV,TEAN,RAON,SIUX
RUAT,TEAV,RAOP,SOAV
RUAY,TEAX,RAOQ,SOAX
RUEP,TEEW,RAOR,SOEQ
RUEX,TEIV,RAOX,SOET
RUIW,TEOX,RAOY,SOEX
RUUN,TEUS,RAUR,SOEY
RUUP,TIAR,RAUV,SOIQ
RUUW,TIAX,REAQ,SOIY
RUUX,TIEQ,REEQ,SOOQ
SAAV,TIIR,REIR,SOOW
SAAX,TION,REIW,SOOX
SAEP,TIOV,REOP,SOOY
SAEQ,TIUN,REOX,SOUY
SAEY,TIUR,REUQ,SUAN
SAIP,TIUW,RIAR,SUAS
SAIR,TOAP,RIAS,SUAX
SAON,TOAT,RIAT,SUAY
SAOQ,TOEV,RIAW,SUEN
SAOT,TOEY,RIEN,SUIP
SAOV,TOIN,RIER,SUIS
SAOX,TOIV,RIIV,SUIX
SAUV,TOUN,RIUQ,SUOT
SAUX,TOUQ,RIUT,SUOX
SAUY,TOUX,ROAS,SUUR
SEAQ,TOUY,ROAY,SUUV
SEAY,TUEQ,ROIP,SUUW
SEET,TUET,ROIR,TAAV
SEIW,TUIR,ROIX,TAAY
SEIY,TUON,ROON,TAEP
SEOS,TUOV,ROOV,TAEQ
SEUR,TUOW,ROOX,TAES
SIAP,TUOY,ROUN,TAEV
SIAV,TUUS,ROUQ,TAIP
SIAW,VAAQ,RUAN,TAIR
SIAY,VAEV,RUAS,TAIS
SIEQ,VAEW,RUAX,TAIX
SIIN,VAIP,RUEQ,TAIY
SIIS,VAIQ,RUIV,TAOT
SIOW,VAIV,RUOP,TAOV
SIOX,VAOX,RUOQ,TAOW
SIUQ,VAUQ,RUOY,TAOX
SIUR,VAUT,RUUR,TAOY
SOAN,VAUV,RUUS,TAUY
SOEN,VAUX,RUUV,TEEQ
SOER,VEAQ,SAEV,TEEX
SOIR,VEAS,SAEX,TEIN
SOIX,VEAT,SAIS,TEIP
SOUQ,VEAX,SAOP,TEIR
SOUV,VEEV,SAOY,TEIW
SUAV,VEEY,SAUT,TEOV
SUEX,VEIS,SEAV,TEOW
SUIN,VEIY,SEEQ,TEOY
SUIW,VEOQ,SEEY,TEUN
SUOR,VEOS,SEIV,TEUQ
SUOV,VEOV,SEIX,TEUY
SUUS,VEUN,SEOQ,TIAN
SUUX,VEUS,SEOR,TIAQ
SUUY,VEUY,SEUQ,TIEW
TAAX,VIAN,SEUT,TIEY
TAET,VIAV,SEUV,TIIY
TAEY,VIAW,SEUX,TIOX
TAUP,VIEY,SIAN,TIUS
TAUQ,VIIR,SIAS,TIUY
TAUR,VIIW,SIAX,TOAR
TEAP,VIIY,SIEN,TOAY
TEAW,VIOP,SIES,TOEQ
TEAY,VIUS,SIET,TOEW
TEET,VIUT,SIEW,TOIP
TEIQ,VIUY,SIEY,TOIQ
TEIS,VOAW,SIIP,TOIX
TEIT,VOAX,SIIW,TOOP
TEIX,VOEN,SION,TOOQ
TEOP,VOEW,SIOT,TOOV
TEOT,VOIT,SIUW,TOOX
TEUP,VOIV,SIUY,TOOY
TEUV,VOOT,SOAQ,TUAR
TEUW,VOOY,SOAS,TUAV
TEUX,VOUX,SOAW,TUAW
TIAP,VUAN,SOEW,TUEN
TIAV,VUAW,SOIN,TUER
TIAY,VUEP,SOIP,TUEV
TIEV,VUEQ,SOIS,TUEW
TIEX,VUEW,SOOR,TUIV
TIIN,VUEX,SOUW,TUOQ
TIIP,VUIN,SUAP,TUOS
TIIV,VUOT,SUAR,TUOT
TIOP,VUOV,SUEP,TUUR
TIOR,VUOX,SUEQ,TUUV
TIOS,VUUQ,SUEV,TUUX
TIOW,WAAT,SUEW,TUUY
TIUP,WAER,SUEY,VAAW
TIUQ,WAEY,SUIQ,VAES
TIUT,WAIQ,SUIY,VAIS
TIUV,WAON,SUON,VAIT
TIUX,WAOT,SUOW,VAIW
TOAQ,WAUY,SUUQ,VAIY
TOAW,WEAV,SUUT,VAON
TOAX,WEAW,TAAS,VAOQ
TOEX,WEEV,TAAT,VAOS
TOIR,WEEX,TAEW,VAOT
TOIW,WEIS,TAEX,VAUY
TOOR,WEIY,TAIV,VEAW
TOOS,WEOP,TAOP,VEEX
TOOW,WEOR,TAOR,VEIQ
TOUP,WEOS,TAUN,VEOW
TOUS,WEUS,TAUW,VEUR
TUAP,WIAP,TEAQ,VEUW
TUAQ,WIAW,TEEP,VIAS
TUAS,WIAX,TEEV,VIET
TUAX,WIIP,TEEY,VIIV
TUEP,WIIY,TEIY,VIIX
TUIQ,WIOW,TEON,VIOV
TUIW,WIOX,TEOQ,VIOY
TUIX,WIUR,TEOR,VIUW
TUOP,WOAS,TEOS,VOAT
TUOR,WOAW,TEUR,VOAY
TUUQ,WOEQ,TIAS,VOEQ
VAAV,WOEV,TIAT,VOEY
VAEP,WOIT,TIAW,VOIN
VAER,WOOW,TIEP,VOIR
VAEX,WUAQ,TIIQ,VOIW
VAOW,WUAS,TIIS,VOIX
VAOY,WUAW,TIIT,VOIY
VAUP,WUEQ,TIIW,VOOP
VAUR,WUET,TIIX,VOOW
VAUW,WUEX,TIOQ,VOUQ
VEAV,WUIR,TIOT,VOUS
VEAY,WUOY,TIOY,VOUV
VEIV,WUUQ,TOAN,VOUY
VEIX,WUUS,TOAS,VUAQ
VEON,XAAN,TOAV,VUAS
VEOT,XAAQ,TOEP,VUEN
VEOX,XAAY,TOIS,VUES
VEOY,XAER,TOIY,VUEV
VEUQ,XAIN,TOUV,VUIR
VEUT,XAIS,TUAN,VUIS
VIAP,XAIV,TUAT,VUIW
VIAR,XAIX,TUAY,VUOP
VIAT,XAOV,TUES,VUOR
VIEN,XAOY,TUEX,VUUN
VIEQ,XAUP,TUEY,VUUS
VIEV,XAUT,TUIP,VUUT
VIIP,XAUW,TUIY,VUUY
VIIQ,XAUY,TUOX,WAAV
VIIS,XEAQ,TUUN,WAAW
VION,XEEN,TUUP,WAIP
VIOQ,XEES,TUUW,WAIV
VIOW,XEEV,VAAP,WAIY
VIUR,XEUP,VAAX,WAOQ
VIUV,XEUQ,VAAY,WAOR
VIUX,XIAR,VAEN,WAOS
VOAP,XIAX,VAEQ,WAUP
VOAS,XIEW,VAET,WAUS
VOAV,XIIN,VAEY,WAUV
VOEX,XIIR,VAIX,WAUX
VOIP,XIIS,VAOP,WEAY
VOIQ,XIIV,VAOR,WEEW
VOIS,XIIW,VAOV,WEIN
VOON,XIOT,VAUN,WEIV
VOOQ,XIOX,VEAN,WEIW
VOOV,XIOY,VEAP,WEOT
VOOX,XIUS,VEAR,WEOV
VOUP,XOAY,VEEQ,WEOX
VOUR,XOEP,VEET,WEUN
VUAV,XOET,VEEW,WEUT
VUET,XOEW,VEIP,WEUX
VUEY,XOIR,VEIR,WIAN
VUIQ,XOIS,VEIT,WIAS
VUIV,XOIT,VEIW,WIAV
VUIY,XOON,VEOP,WIAY
VUON,XOOQ,VEOR,WIEN
VUOQ,XOOR,VEUP,WIEV
VUUV,XOOW,VEUV,WIEW
VUUW,XOUQ,VEUX,WIEY
VUUX,XOUT,VIAQ,WIIR
WAAP,XOUV,VIAX,WIIV
WAAY,XUAT,VIAY,WIIW
WAEN,XUAX,VIEP,WIUN
WAEP,XUEP,VIEX,WIUQ
WAEV,XUEQ,VIIN,WIUY
WAIS,XUET,VIIT,WOAN
WAIW,XUIX,VIOR,WOAQ
WAOP,XUOQ,VIOS,WOAR
WAOW,XUUQ,VIOT,WOAT
WAOX,XUUS,VIOX,WOAV
WAUN,XUUV,VIUN,WOEP
WAUQ,XUUW,VIUP,WOIN
WEAX,XUUX,VIUQ,WOIR
WEEY,YAAN,VOAN,WOIS
WEIT,YAAP,VOAQ,WOIX
WEIX,YAAX,VOAR,WOOP
WEON,YAET,VOEP,WOOX
WEOQ,YAEV,VOEV,WOUN
WEOY,YAEW,VOUN,WOUR
WEUP,YAIP,VOUT,WUAP
WEUW,YAIR,VUAP,WUAV
WIAT,YAIV,VUAR,WUAX
WIEQ,YAIW,VUAT,WUIN
WIIN,YAIX,VUAX,WUIS
WIIS,YAIY,VUAY,WUOQ
WIIT,YAOW,VUER,WUOV
WIOP,YAUV,VUIP,WUOW
WIOQ,YEAT,VUIT,WUUT
WIOR,YEAW,VUIX,WUUV
WIOS,YEAY,VUOS,WUUY
WIOY,YEEP,VUOW,XAAP
WIUT,YEEQ,VUOY,XAAT
WIUV,YEEX,VUUP,XAAX
WIUW,YEIN,WAAQ,XAIT
WIUX,YEIQ,WAAX,XAIY
WOAX,YEIW,WAEQ,XAOQ
WOAY,YEIY,WAET,XAOW
WOER,YEOQ,WAEW,XAOX
WOET,YEOR,WAEX,XAUN
WOEX,YEUP,WAIX,XAUV
WOEY,YEUQ,WAOV,XAUX
WOIQ,YIAQ,WAOY,XEAN
WOOQ,YIEP,WAUT,XEAP
WOOR,YIES,WEAS,XEAS
WOOT,YIEW,WEAT,XEAX
WOOV,YIEX,WEEQ,XEIP
WOUQ,YIIP,WEIP,XEIX
WOUV,YIIQ,WEIQ,XEIY
WOUY,YIOQ,WEOW,XEON
WUAY,YIOS,WEUQ,XEOS
WUEN,YIOV,WEUR,XEOW
WUER,YIUX,WEUV,XEOX
WUEV,YIUY,WEUY,XEUN
WUEW,YOAQ,WIAQ,XIAQ
WUIP,YOER,WIAR,XIAW
WUON,YOEW,WIEX,XIAY
WUUN,YOEY,WIIQ,XIEQ
WUUP,YOIN,WIIX,XIES
WUUR,YOIP,WION,XIEY
WUUW,YOIQ,WIOT,XIOP
WUUX,YOIR,WIOV,XIOQ
XAAW,YOIW,WIUP,XIOV
XAEQ,YOIY,WIUS,XIUP
XAEV,YOOV,WOAP,XIUQ
XAEW,YOUN,WOEN,XIUR
XAEY,YOUW,WOEW,XIUV
XAIQ,YUAP,WOIP,XOAQ
XAIR,YUAY,WOIV,XOAT
XAOP,YUEP,WOIW,XOAW
XAOR,YUEQ,WOIY,XOER
XAOS,YUET,WOOY,XOEX
XAUR,YUIP,WOUP,XOEY
XAUS,YUIW,WOUS,XOIN
XEAR,YUIX,WOUX,XOIQ
XEAW,YUIY,WUAN,XOOT
XEEP,YUOS,WUAR,XOOY
XEER,YUOT,WUAT,XOUR
XEET,YUUT,WUEP,XOUW
XEIN,BAAQ,WUES,XOUX
XEIQ,BAEP,WUEY,XUAN
XEIS,BAES,WUIQ,XUAP
XEIT,BAEV,WUIV,XUAQ
XEIW,BAEW,WUIW,XUAR
XEOP,BAEY,WUIX,XUAS
XEOQ,BAIR,WUIY,XUAW
XEOR,BAIW,WUOP,XUEV
XEOV,BAIX,WUOR,XUIR
XEOY,BAON,WUOS,XUIT
XEUR,BAOP,WUOT,XUIY
XEUV,BAOQ,WUOX,XUON
XEUY,BAOS,XAAR,XUOP
XIAP,BAOV,XAAS,XUOV
XIAT,BAOX,XAAV,XUUN
XIET,BAUP,XAEN,XUUT
XIEV,BEAQ,XAEP,XUUY
XIEX,BEAS,XAES,YAAR
XIIT,BEAV,XAET,YAAV
XIOS,BEEQ,XAEX,YAEQ
XIUT,BEEW,XAIP,YAER
XIUW,BEIQ,XAIW,YAES
XIUX,BEIS,XAON,YAEY
XIUY,BEIV,XAOT,YAOQ
XOEN,BEOT,XAUQ,YAOY
XOEQ,BEUS,XEAT,YAUW
XOOP,BEUT,XEAV,YAUY
XOOV,BEUW,XEAY,YEAP
XOUN,BIAW,XEEQ,YEES
XOUP,BIAX,XEEW,YEIR
XOUS,BIEN,XEEX,YEIX
XOUY,BIEQ,XEEY,YEOS
XUAY,BIOW,XEIR,YEOX
XUEN,BIOY,XEIV,YEOY
XUEY,BIUP,XEOT,YEUW
XUIP,BIUT,XEUS,YEUX
XUOS,BIUY,XEUT,YIAN
XUOT,BOAV,XEUW,YIAR
XUOY,BOAY,XEUX,YIAX
XUUP,BOEV,XIAN,YIAY
XUUR,BOEX,XIAS,YIEN
YAAQ,BOIR,XIAV,YIEQ
YAAW,BOIV,XIEN,YIEV
YAEN,BOIY,XIEP,YIEY
YAEX,BOOQ,XIER,YIIS
YAIN,BOOV,XIIP,YIIV
YAIQ,BUAV,XIIQ,YIOR
YAIT,BUAX,XIIX,YIOY
YAON,BUER,XIIY,YIUQ
YAOR,BUET,XION,YIUS
YAOS,BUEV,XIOR,YIUW
YAOT,BUEX,XIOW,YOAN
YAOX,BUIQ,XIUN,YOAP
YAUN,BUIV,XOAN,YOAR
YAUT,BUIW,XOAP,YOAV
YAUX,BUOS,XOAR,YOAX
YEAQ,BUUQ,XOAS,YOET
YEAX,BUUS,XOAV,YOEV
YEET,BUUW,XOAX,YOIS
YEEV,CAAQ,XOES,YOIV
YEIP,CAAV,XOEV,YOOS
YEIS,CAEP,XOIP,YOOT
YEIT,CAEV,XOIV,YOUQ
YEIV,CAIP,XOIW,YOUX
YEOV,CAIQ,XOIX,YUAT
YEUN,CAIT,XOIY,YUER
YEUT,CAOQ,XOOS,YUON
YIAV,CAOS,XOOX,YUOR
YIER,CAOV,XUAV,YUUR
YIET,CAOY,XUER,YUUS
YIIN,CAUN,XUES,YUUX
YIIX,CAUR,XUEW,BAAP
YION,CAUY,XUEX,BAAX
YIOP,CEAS,XUIN,BAET
YIOT,CEAW,XUIQ,BAEX
YIUN,CEAX,XUIS,BAIV
YIUP,CEIN,XUIV,BAOR
YIUR,CEIQ,XUIW,BEAW
YOAS,CEIT,XUOR,BEAY
YOAT,CEIW,XUOW,BEIT
YOAW,CEOT,XUOX,BEIX
YOAY,CEUP,YAAS,BEIY
YOEN,CEUQ,YAAT,BEOR
YOES,CEUR,YAAY,BEOS
YOEX,CEUV,YAEP,BEOW
YOIT,CEUW,YAIS,BEUV
YOIX,CIAS,YAOP,BIAP
YOOP,CIIR,YAOV,BIAR
YOOW,CIIS,YAUQ,BIEW
YOUS,CIOX,YAUR,BIEX
YOUT,CIOY,YAUS,BIEY
YUAQ,COAS,YEAV,BIIQ
YUAR,COAW,YEEN,BIIR
YUAS,COAY,YEER,BIIS
YUAW,COEN,YEEW,BIIV
YUEN,COER,YEEY,BIIY
YUES,COEW,YEON,BIOQ
YUIQ,COEY,YEOP,BIUS
YUIR,COIV,YEOT,BIUW
YUIS,COIX,YEOW,BOAP
YUIT,COOQ,YEUR,BOAW
YUOQ,COOY,YEUS,BOEN
YUOW,COUQ,YEUV,BOEW
YUUQ,COUV,YEUY,BOIP
YUUV,COUX,YIAP,BOIS
YUUW,CUAW,YIAS,BOIW
YUUY,CUAX,YIAT,BOUN
BAAW,CUIN,YIAW,BOUS
BAIP,CUIT,YIIR,BUAN
BAIQ,CUIV,YIIT,BUAS
BAIS,CUOS,YIIW,BUAW
BAIY,CUOW,YIIY,BUAY
BAUN,CUOX,YIOW,BUEN
BAUQ,CUUQ,YIOX,BUEP
BAUR,CUUR,YIUT,BUEW
BAUT,DAAW,YIUV,BUIP
BAUX,DAIX,YOEP,BUOP
BAUY,DAOQ,YOEQ,BUOQ
BEAP,DAOX,YOON,BUOW
BEEV,DAUV,YOOQ,CAAN
BEEX,DAUY,YOOR,CAAT
BEEY,DEAW,YOOX,CAAX
BEIR,DEAY,YOOY,CAEW
BEIW,DEET,YOUP,CAEY
BEON,DEEW,YOUV,CAIR
BEOP,DEEX,YOUY,CAIS
BEOQ,DEIT,YUAV,CAIX
BEOV,DEIY,YUAX,CAOR
BEOY,DEOW,YUEV,CAUP
BEUP,DEOX,YUEW,CAUT
BEUQ,DEUV,YUEX,CEAR
BEUR,DEUW,YUEY,CEAY
BEUX,DEUY,YUIN,CEEQ
BEUY,DIAR,YUIV,CEER
BIAN,DIAT,YUOP,CEEV
BIAT,DIAV,YUOV,CEEW
BIEP,DIAX,YUOX,CEIR
BIIN,DIEQ,YUOY,CEUX
BIIP,DIIQ,YUUN,CIAV
BIIT,DIIY,YUUP,CIAW
BIIW,DIOP,BAAV,CIAY
BIOR,DIOQ,BAAY,CIEP
BIOT,DIOR,BAEN,CIET
BIOX,DIOV,BAEQ,CIEV
BIUR,DIUR,BAOT,CIEW
BIUV,DIUS,BAOW,CIEX
BOAX,DOAY,BAOY,CIIW
BOEP,DOEY,BAUS,CIOP
BOEQ,DOIR,BAUV,CIOQ
BOIN,DOIV,BAUW,CIOR
BOIX,DOIX,BEAX,CIOV
BOOX,DOOQ,BEIN,CIUN
BOUV,DOUN,BEIP,CIUR
BOUY,DUAQ,BEOX,COEQ
BUAP,DUAR,BIAQ,COES
BUAQ,DUAV,BIAV,COET
BUAT,DUAW,BIAY,COEV
BUEQ,DUEP,BIEV,COOW
BUES,DUEQ,BIIX,COUN
BUIN,DUER,BION,COUW
BUIR,DUEW,BIOP,COUY
BUIY,DUEX,BIOV,CUAT
BUUN,DUEY,BIUN,CUAV
BUUV,DUON,BIUQ,CUAY
BUUY,DUOY,BIUX,CUEQ
CAAR,DUUY,BOAN,CUER
CAAY,FAAP,BOAQ,CUET
CAEN,FAAW,BOET,CUIR
CAER,FAAY,BOEY,CUIX
CAES,FAEP,BOIQ,CUOT
CAET,FAEQ,BOIT,CUUX
CAEX,FAEW,BOOP,DAAN
CAIY,FAOP,BOOW,DAAT
CAON,FAOR,BOOY,DAEN
CAOP,FAUQ,BOUP,DAES
CAOT,FEAX,BOUQ,DAEX
CAOW,FEER,BOUR,DAIQ
CAUQ,FEIN,BOUX,DAIR
CAUV,FEIQ,BUAR,DAIV
CAUW,FEIS,BUEY,DAIW
CAUX,FEIX,BUIX,DAIY
CEAN,FEON,BUON,DAON
CEAP,FEOP,BUOR,DAOT
CEET,FEOS,BUOT,DAOW
CEEX,FEOV,BUOV,DAOY
CEIS,FEOX,BUOX,DEAP
CEON,FEUN,BUUP,DEEQ
CEOP,FEUW,BUUX,DEIN
CEOQ,FIAW,CAAP,DEIR
CEOS,FIEP,CAAS,DEIS
CEOW,FIEW,CAAW,DEOQ
CEUT,FIEY,CAEQ,DEOT
CIAN,FIIQ,CAIV,DEOY
CIEN,FIIS,CAIW,DEUT
CIER,FIIX,CAOX,DIAQ
CIIP,FIOY,CAUS,DIIT
CIIQ,FIUQ,CEAQ,DIIV
CIIT,FOAQ,CEAT,DIOT
CIIV,FOAR,CEAV,DIUP
CIIX,FOAY,CEEN,DIUY
CIOS,FOEN,CEEP,DOAP
CIUP,FOEV,CEEY,DOEW
CIUV,FOIX,CEIP,DOIQ
CIUW,FOUV,CEIV,DOIS
CIUX,FOUY,CEIX,DOON
COAN,FUAS,CEIY,DOOT
COAP,FUAT,CEOR,DOOV
COEP,FUAV,CEOV,DOOW
COIQ,FUAX,CEOX,DOOX
COIS,FUES,CEOY,DOUP
COIT,FUEY,CEUN,DUAN
COIW,FUOV,CEUS,DUAP
COIY,FUOX,CEUY,DUAX
COOR,FUOY,CIAP,DUIP
COUS,FUUP,CIAQ,DUIQ
COUT,FUUQ,CIAR,DUIS
CUAN,FUUX,CIAT,DUIW
CUAP,GAIP,CIAX,DUIX
CUAS,GAIQ,CIEQ,DUOP
CUEN,GAOQ,CIES,DUOQ
CUEV,GAOS,CIEY,DUOR
CUEW,GAOT,CIIN,DUOW
CUEX,GAOW,CIIY,DUUN
CUEY,GAOX,CIOT,DUUP
CUIP,GAUS,CIOW,DUUQ
CUIW,GAUT,CIUQ,FAAT
CUIY,GAUV,CIUS,FAEN
CUOP,GAUY,CIUT,FAER
CUOR,GEAP,CIUY,FAES
CUOV,GEAQ,COAQ,FAIS
CUOY,GEAW,COAR,FAIV
CUUW,GEAX,COAV,FAIY
CUUY,GEEQ,COEX,FAOQ
DAAP,GEIQ,COIP,FAOS
DAAQ,GEIX,COOV,FAOV
DAET,GEOP,COOX,FAUS
DAEV,GEOV,CUAQ,FAUT
DAEY,GEUV,CUAR,FEAP
DAIN,GEUY,CUEP,FEAW
DAIP,GIAR,CUIQ,FEAY
DAOS,GIEP,CUIS,FEEP
DAUP,GIEQ,CUON,FEEQ
DEAQ,GIEY,CUOQ,FEEV
DEAS,GIIP,CUUN,FEEY
DEAV,GIIS,CUUP,FEIY
DEEV,GIIW,CUUS,FEOR
DEIV,GIIY,CUUT,FEOY
DEOR,GION,CUUV,FEUQ
DEOS,GIOS,DAAV,FEUY
DEUQ,GIOY,DAAX,FIAN
DEUX,GIUR,DAAY,FIAP
DIAP,GIUV,DAEP,FIAY
DIAY,GIUW,DAEQ,FIEQ
DIEN,GIUX,DAER,FIES
DIEW,GOAY,DAEW,FIET
DIEY,GOEW,DAIT,FIEX
DIIN,GOEY,DAOP,FIIR
DIIP,GOIN,DAOR,FIIT
DIIR,GOIP,DAOV,FIIV
DIIX,GOIR,DAUN,FION
DIOY,GOIS,DAUQ,FIOQ
DIUN,GOIW,DAUR,FIOS
DIUW,GOOX,DAUS,FIOW
DOAQ,GOUN,DAUX,FIOX
DOAR,GUAP,DEAT,FIUT
DOAS,GUAS,DEAX,FIUY
DOAW,GUAV,DEEN,FOAN
DOEP,GUEP,DEEY,FOAW
DOEQ,GUER,DEIP,FOEQ
DOEX,GUEV,DEIQ,FOEW
DOIN,GUEY,DEIW,FOIP
DOUQ,GUIQ,DEIX,FOIQ
DOUT,GUIS,DEON,FOIT
DOUV,GUIV,DEOP,FOIV
DOUX,GUIX,DEOV,FOIW
DUAT,GUIY,DEUP,FOON
DUAY,GUOS,DEUS,FOOQ
DUEN,GUOV,DIAW,FOOV
DUIV,GUOX,DIEV,FOUP
DUIY,GUUQ,DIEX,FUAR
DUOT,HAAP,DIIS,FUAY
DUOV,HAAQ,DIIW,FUER
DUOX,HAAW,DIOS,FUEV
DUUS,HAER,DIOW,FUEW
DUUV,HAIS,DIOX,FUIR
FAAN,HAIX,DIUQ,FUIY
FAAQ,HAOP,DIUT,FUON
FAAR,HAOV,DIUV,FUOP
FAAV,HAUN,DIUX,FUOQ
FAAX,HAUQ,DOAN,FUOT
FAET,HAUV,DOAV,FUUN
FAEX,HEAV,DOAX,GAEP
FAIP,HEEW,DOEV,GAEX
FAIQ,HEIN,DOIP,GAEY
FAIT,HEIP,DOIW,GAIS
FAOY,HEIQ,DOIY,GAIV
FAUR,HEIT,DOOY,GAON
FAUW,HEOP,DOUS,GAOP
FEAQ,HEOS,DOUY,GAOY
FEAV,HEUN,DUAS,GAUX
FEEN,HEUQ,DUEV,GEAS
FEIV,HEUW,DUIR,GEIP
FEOT,HEUY,DUUT,GEIW
FEOW,HIAN,DUUW,GEOW
FEUP,HIAR,DUUX,GEUN
FEUR,HIAV,FAEV,GEUX
FEUV,HIAW,FAEY,GIAP
FEUX,HIEV,FAIW,GIAQ
FIAX,HIEW,FAIX,GIET
FIEN,HIIN,FAON,GIEX
FIIP,HIIR,FAOT,GIIT
FIIW,HION,FAOW,GIOQ
FIOR,HIOS,FAOX,GIOT
FIOV,HIOW,FAUP,GIUN
FIUN,HIUQ,FAUV,GIUY
FIUP,HIUR,FAUX,GOAN
FIUR,HIUT,FAUY,GOEN
FIUX,HIUX,FEAN,GOEP
FOAT,HOAP,FEEW,GOEQ
FOER,HOAS,FEEX,GOET
FOET,HOAT,FEIP,GOIT
FOIS,HOET,FEIR,GOUR
FOIY,HOEX,FEIW,GOUY
FOOP,HOIT,FEOQ,GUAQ
FOOX,HOIV,FIAQ,GUAT
FOOY,HOIY,FIAS,GUAX
FOUN,HOUQ,FIAV,GUET
FOUQ,HOUV,FIEV,GUOQ
FOUW,HUAP,FIIN,GUOT
FUAN,HUAW,FIIY,GUOW
FUAP,HUAX,FIOP,GUUN
FUAW,HUEV,FIOT,GUUS
FUEP,HUEX,FIUS,HAEV
FUET,HUIQ,FIUV,HAEX
FUIS,HUIT,FIUW,HAEY
FUIT,HUIV,FOAP,HAIN
FUIW,HUIW,FOAS,HAIQ
FUOR,HUIX,FOAV,HAIV
FUUR,HUOS,FOAX,HAOX
FUUY,HUUS,FOEP,HAUP
GAAV,HUUV,FOEX,HAUX
GAAW,HUUY,FOEY,HAUY
GAAY,JAAX,FOIR,HEAS
GAEQ,JAEP,FOOS,HEAW
GAER,JAER,FOOW,HEEQ
GAEV,JAIS,FOUS,HEEX
GAEW,JAIW,FOUX,HEIY
GAIR,JAON,FUAQ,HEUR
GAIW,JAOV,FUEN,HEUT
GAOV,JAUX,FUEQ,HEUV
GAUQ,JEAR,FUEX,HIAP
GEAY,JEEV,FUIN,HIAS
GEEV,JEEW,FUIP,HIAT
GEEY,JEEX,FUIQ,HIAX
GEIS,JEEY,FUIV,HIEN
GEIV,JEIP,FUIX,HIIV
GEOQ,JEIS,FUOS,HIIY
GEOT,JEIV,FUOW,HIOP
GEOX,JEIY,FUUS,HIOV
GEUP,JEOY,FUUV,HIOX
GEUW,JEUN,FUUW,HIUS
GIAT,JEUT,GAAQ,HIUY
GIAV,JEUW,GAAX,HOAW
GIAW,JEUY,GAET,HOEW
GIAX,JIAY,GAIX,HOIX
GIAY,JIEP,GAIY,HOOQ
GIEW,JIEQ,GAOR,HOOX
GIIV,JIEV,GAUP,HOOY
GIOW,JIIP,GEAN,HOUX
GIUS,JIIT,GEAT,HOUY
GOAP,JIIV,GEAV,HUAQ
GOAQ,JIIX,GEET,HUAT
GOAR,JIOP,GEEW,HUEN
GOAX,JIOX,GEEX,HUER
GOEV,JIUN,GEIR,HUET
GOIV,JOAT,GEIY,HUEW
GOIX,JOAW,GEON,HUOP
GOIY,JOAX,GEOR,HUOR
GOOQ,JOIW,GEOS,HUUP
GOUQ,JOIY,GEOY,HUUX
GOUV,JOOQ,GEUQ,JAAS
GOUX,JOOS,GIAS,JAEN
GUAY,JOOV,GIEV,JAET
GUEN,JOUQ,GIIN,JAEV
GUEQ,JUEP,GIIQ,JAIT
GUES,JUES,GIIR,JAIY
GUEW,JUET,GIIX,JAOP
GUEX,JUEW,GIOP,JAOQ
GUIN,JUON,GIOR,JAOW
GUIP,JUOQ,GIOV,JAOX
GUIW,JUOS,GIOX,JEAQ
GUOP,JUUP,GIUP,JEAT
GUUX,JUUY,GIUQ,JEAV
HAAX,KAAV,GIUT,JEAY
HAEP,KAAX,GOAV,JEIW
HAEQ,KAER,GOAW,JEOQ
HAEW,KAOQ,GOEX,JEOR
HAIW,KAOW,GOIQ,JEOV
HAON,KAUN,GOOV,JIAP
HAOR,KAUS,GOOW,JIAQ
HAOT,KAUV,GOOY,JIAR
HAOW,KAUY,GOUP,JIAT
HAOY,KEIQ,GOUS,JIAV
HAUR,KEIV,GUAW,JIAW
HAUT,KEIW,GUIR,JIAX
HEAQ,KEOP,GUON,JIET
HEAX,KEOQ,GUOR,JIEW
HEEY,KEOT,GUOY,JIEY
HEON,KIAT,GUUP,JIIR
HEOR,KIAY,GUUT,JIIS
HEOV,KIEX,GUUV,JIOR
HEOY,KIIQ,GUUW,JIOT
HIET,KIIS,GUUY,JIOW
HIEY,KIIT,HAAV,JIUV
HIIS,KIIX,HAAY,JIUY
HIIT,KION,HAIP,JOAS
HIIW,KIOP,HAIT,JOEN
HIOQ,KIOS,HAIY,JOER
HIOT,KIUQ,HAOQ,JOEV
HIUN,KIUT,HAOS,JOEW
HIUP,KIUV,HEAN,JOEX
HOAN,KIUX,HEAY,JOIP
HOAV,KOAP,HEEV,JOIQ
HOAY,KOAV,HEIS,JOIS
HOEV,KOIN,HEIV,JOOX
HOIP,KOIR,HEIW,JOUT
HOIQ,KOUP,HEIX,JOUV
HOIS,KOUQ,HEOQ,JUAS
HOUN,KOUW,HEOT,JUEN
HOUP,KUEN,HEOW,JUEQ
HUIP,KUET,HEOX,JUEY
HUOQ,KUEV,HEUX,JUIN
HUOT,KUIQ,HIAQ,JUIP
HUOV,KUIX,HIAY,JUIR
HUOY,KUOP,HIEQ,JUIW
HUUT,KUOR,HIEX,JUIY
JAAN,KUOW,HIIP,JUOP
JAAT,KUUY,HIIQ,JUOX
JAAV,LAAX,HIIX,JUOY
JAAY,LAEP,HIOR,JUUQ
JAEQ,LAET,HIOY,JUUV
JAES,LAIS,HIUV,JUUW
JAEW,LAIV,HIUW,JUUX
JAEX,LAIW,HOAQ,KAAQ
JAIP,LAOQ,HOEQ,KAET
JAIQ,LAOR,HOEY,KAEW
JAIR,LAUN,HOIN,KAEY
JAOT,LAUR,HOIR,KAIT
JAOY,LAUY,HOIW,KAIV
JAUR,LEAY,HOOV,KAIW
JAUV,LEEY,HOOW,KAIX
JEAS,LEOV,HOUS,KAOV
JEAW,LEUV,HUAN,KAUP
JEAX,LEUX,HUAR,KAUR
JEEQ,LIAT,HUAS,KEAN
JEIQ,LIEQ,HUAV,KEAQ
JEIT,LIEW,HUAY,KEAR
JEOS,LIIW,HUEP,KEAY
JEOT,LIOT,HUEQ,KEEY
JEOX,LIOW,HUIN,KEIP
JEUP,LIOX,HUIR,KEOR
JEUQ,LIOY,HUIY,KEOS
JIAN,LIUR,HUON,KEOV
JIEN,LIUS,HUOW,KEUX
JIES,LIUT,HUOX,KIAN
JIEX,LIUW,HUUN,KIAQ
JIOV,LOAP,HUUQ,KIAV
JIOY,LOAT,HUUW,KIAW
JIUQ,LOAV,JAAQ,KIEQ
JIUR,LOAW,JAAW,KIET
JIUS,LOES,JAEY,KIEY
JIUW,LOEW,JAIN,KIIR
JIUX,LOEY,JAIV,KIIY
JOAP,LOIP,JAIX,KIOV
JOEQ,LOIQ,JAOR,KIOY
JOIT,LOIV,JAOS,KIUN
JOUN,LOOQ,JAUN,KIUR
JOUR,LOOY,JAUQ,KIUS
JOUS,LUAN,JAUS,KIUW
JUAQ,LUAV,JAUT,KOAQ
JUAX,LUAY,JAUW,KOAR
JUIS,LUEN,JAUY,KOAT
JUOR,LUEQ,JEEN,KOEQ
JUOT,LUEV,JEET,KOEY
JUOV,LUEW,JEIR,KOIW
JUUR,LUIN,JEIX,KOOY
JUUS,LUIP,JEON,KOUN
KAAT,LUIQ,JEOP,KUAS
KAAY,LUIV,JEOW,KUAT
KAEN,LUOR,JEUR,KUEW
KAEP,LUOW,JEUS,KUIV
KAEV,LUUN,JEUV,KUOX
KAIP,LUUP,JIAS,KUOY
KAIQ,LUUQ,JIER,KUUV
KAIR,LUUS,JIIN,LAAW
KAIS,LUUX,JIIQ,LAEW
KAIY,LUUY,JIIW,LAEX
KAOP,MAAP,JIIY,LAIP
KAOR,MAAX,JION,LAIT
KAOT,MAEX,JIOQ,LAIY
KAOY,MAIQ,JIOS,LAOT
KAUT,MAIW,JIUP,LAOV
KEAV,MAON,JIUT,LAUP
KEAX,MAOT,JOAQ,LEAT
KEEQ,MAUQ,JOAR,LEAW
KEEV,MAUV,JOAV,LEEV
KEEX,MAUW,JOAY,LEIN
KEIY,MEAR,JOET,LEIQ
KEOX,MEAS,JOIR,LEIT
KEUN,MEAV,JOIV,LEIX
KEUP,MEAX,JOIX,LEOQ
KEUQ,MEEN,JOOR,LEOS
KIAP,MEEX,JOOT,LEOX
KIAX,MEOP,JOOW,LEOY
KIEV,MEOT,JOOY,LIAW
KIEW,MEUP,JOUP,LIAY
KIIP,MEUX,JOUX,LIIV
KIIV,MEUY,JOUY,LIOS
KIIW,MIEQ,JUAP,LIUP
KIOR,MIEX,JUAR,LIUV
KIOX,MION,JUAT,LIUY
KIUP,MIOP,JUAV,LOAQ
KOAW,MIOS,JUAW,LOIT
KOAX,MIOT,JUAY,LOIY
KOEV,MIOV,JUER,LOOW
KOIQ,MIOY,JUEV,LOUN
KOIY,MIUN,JUEX,LOUQ
KOUR,MIUP,JUIQ,LOUY
KOUV,MIUR,JUIT,LUAR
KUAN,MIUS,JUIV,LUAW
KUAP,MIUV,JUIX,LUAX
KUAX,MIUY,JUOW,LUET
KUAY,MOAQ,JUUN,LUIX
KUEQ,MOAR,KAAW,LUOT
KUER,MOAV,KAEQ,LUOX
KUEX,MOAW,KAEX,LUUW
KUIN,MOOP,KAOS,MAER
KUON,MOOV,KAOX,MAEW
KUOQ,MOOX,KAUQ,MAIP
KUOV,MOOY,KAUX,MAIV
KUUN,MOUQ,KEAP,MAOP
KUUQ,MOUY,KEAT,MAOV
KUUW,MUAN,KEAW,MAOX
KUUX,MUAQ,KEEW,MEEV
LAAV,MUAS,KEIS,MEEW
LAER,MUAT,KEIT,MEIQ
LAEV,MUAV,KEIX,MEIW
LAIQ,MUAW,KEON,MEIX
LAON,MUAY,KEOW,MEIY
LAUT,MUEQ,KEOY,MEOS
LEAQ,MUEY,KEUV,MEOV
LEAX,MUIR,KEUW,MEOY
LEEW,MUIV,KEUY,MEUR
LEEX,MUIX,KIAR,MIAP
LEIR,MUOT,KIAS,MIAQ
LEOR,MUOW,KIIN,MIAR
LEUP,MUUV,KIOQ,MIAV
LEUQ,BEAZ,KIOT,MIAW
LIAV,BEOZ,KIOW,MIET
LIEV,BEUZ,KIUY,MIIN
LIIQ,BIIZ,KOAY,MIIP
LIIS,BOAZ,KOEW,MIIQ
LIIT,CEIZ,KOEX,MIIR
LIIX,CEOZ,KOIP,MIIS
LIIY,CIIZ,KOIS,MIIX
LIOP,CIUZ,KOIT,MIOQ
LIOQ,COEZ,KOIV,MIOW
LIOV,COIZ,KOIX,MOAP
LIUQ,COOZ,KOOQ,MOAX
LOAR,CUOZ,KOOV,MOEN
LOAX,DAIZ,KOOW,MOEP
LOAY,DEEZ,KOOX,MOEV
LOEN,DEIZ,KOUX,MOEY
LOIR,DEUZ,KOUY,MOIR
LOIW,DOAZ,KUAQ,MOIT
LOOR,DOEZ,KUAR,MOIV
LOOV,DOIZ,KUAV,MOIW
LOUX,DOOZ,KUAW,MOIX
LUAP,DUEZ,KUEP,MOUP
LUAQ,FAAZ,KUEY,MOUX
LUAT,FAIZ,KUIR,MUAP
LUEX,FEAZ,KUIW,MUAX
LUIY,FIAZ,KUIY,MUEP
LUON,FUEZ,KUOS,MUES
LUOP,GEUZ,KUOT,MUEV
LUUV,GOOZ,KUUP,MUEW
MAAQ,GOUZ,KUUS,MUIN
MAEP,HAIZ,KUUT,MUIW
MAEQ,HEUZ,LAAP,MUIY
MAET,HIEZ,LAAQ,MUOV
MAEV,HIIZ,LAAY,MUUN
MAIT,HUAZ,LAEN,MUUX
MAOQ,HUIZ,LAEQ,MUUY
MAOW,HUUZ,LAES,BIAZ
MAUR,JAAZ,LAEY,BIOZ
MAUS,JEAZ,LAIX,BOEZ
MEAP,JEIZ,LAOP,BOUZ
MEEY,JIEZ,LAOW,CEAZ
MEIP,JIIZ,LAOX,CUAZ
MEIS,JIUZ,LAOY,CUIZ
MEON,JOEZ,LAUQ,DAEZ
MEOQ,JOOZ,LAUV,DAOZ
MEOX,JUEZ,LAUX,DIAZ
MEUT,JUIZ,LEAV,DIEZ
MIAS,KAAZ,LEEQ,DOUZ
MIAT,KAIZ,LEIP,DUUZ
MIAY,KEEZ,LEIV,FAEZ
MIEV,KEUZ,LEIW,FEUZ
MIEW,KIAZ,LEIY,FIOZ
MIIY,KIUZ,LEOP,FOAZ
MIOX,KUAZ,LEOT,FOEZ
MIUQ,KUOZ,LEOW,FOIZ
MIUW,LAOZ,LEUN,FUAZ
MIUX,LEOZ,LEUW,FUIZ
MOAY,LEUZ,LEUY,FUUZ
MOEW,LOAZ,LIAP,GAEZ
MOEX,LOOZ,LIAQ,GAOZ
MOIN,MAUZ,LIAX,GAUZ
MOIP,MEOZ,LIEX,GEAZ
MOIQ,MOEZ,LIEY,GEEZ
MOIS,MOUZ,LIIN,GEOZ
MOIY,,LIIP,GIAZ
MOOW,,LIIR,GIEZ
MOUR,,LIOR,GOEZ
MOUS,,LIUN,GUAZ
MUAR,,LIUX,GUUZ
MUEN,,LOAS,HAAZ
MUER,,LOEQ,HAOZ
MUEX,,LOEV,HOIZ
MUIP,,LOEX,HOUZ
MUOQ,,LOIX,HUEZ
MUOR,,LOOX,HUOZ
MUOS,,LOUS,JOAZ
MUOY,,LOUV,JUAZ
MUUQ,,LUAS,KAOZ
MUUT,,LUEP,KEIZ
MUUW,,LUER,KEOZ
BAAZ,,LUEY,KOEZ
BAOZ,,LUIR,KUIZ
BAUZ,,LUIW,LAEZ
BEEZ,,LUOQ,LEAZ
BIEZ,,LUOS,LEEZ
BOIZ,,LUOV,LIIZ
BUEZ,,LUOY,LIOZ
BUIZ,,LUUT,LIUZ
BUOZ,,MAAV,LUAZ
CAIZ,,MAAW,LUEZ
CAOZ,,MAAY,LUIZ
CEUZ,,MAEN,MAIZ
CIAZ,,MAEY,MEEZ
CIEZ,,MAIX,MEIZ
COAZ,,MAIY,MIIZ
COUZ,,MAOR,MOAZ
DAAZ,,MAOS,MOIZ
DAUZ,,MAOY,MOOZ
DIIZ,,MAUP,MUEZ
DIOZ,,MAUX,
DIUZ,,MAUY,
DUAZ,,MEAQ,
DUOZ,,MEAW,
FAUZ,,MEAY,
FEEZ,,MEEP,
FEIZ,,MEEQ,
FIEZ,,MEIT,
FIIZ,,MEIV,
FIUZ,,MEOR,
FOUZ,,MEUQ,
GAIZ,,MEUS,
GIIZ,,MEUV,
GIOZ,,MEUW,
GOAZ,,MIAN,
GUIZ,,MIAX,
HAUZ,,MIEY,
HEEZ,,MIIT,
HEOZ,,MIIV,
HIAZ,,MIIW,
HIOZ,,MIOR,
HIUZ,,MIUT,
HOEZ,,MOEQ,
JAEZ,,MOOQ,
JAOZ,,MOUN,
JAUZ,,MOUV,
JEOZ,,MUET,
JEUZ,,MUIQ,
JIOZ,,MUOP,
JOIZ,,MUOX,
JOUZ,,MUUP,
JUOZ,,MUUS,
KIIZ,,BAEZ,
KOUZ,,BAIZ,
KUEZ,,BEIZ,
KUUZ,,BIUZ,
LAAZ,,BOOZ,
LAIZ,,BUAZ,
LIEZ,,BUUZ,
LUOZ,,CAAZ,
MAAZ,,CAEZ,
MAOZ,,CAUZ,
MEAZ,,CEEZ,
MEUZ,,CIOZ,
MIAZ,,CUEZ,
MIOZ,,CUUZ,
MUOZ,,DEAZ,
,,DEOZ,
,,DUIZ,
,,FAOZ,
,,FEOZ,
,,FOOZ,
,,FUOZ,
,,GAAZ,
,,GIUZ,
,,GOIZ,
,,GUEZ,
,,GUOZ,
,,HAEZ,
,,HEAZ,
,,HEIZ,
,,HOAZ,
,,HOOZ,
,,JAIZ,
,,JIAZ,
,,JUUZ,
,,KAEZ,
,,KEAZ,
,,KIEZ,
,,KIOZ,
,,KOAZ,
,,KOIZ,
,,KOOZ,
,,LAUZ,
,,LEIZ,
,,LIAZ,
,,LOEZ,
,,LOIZ,
,,LOUZ,
,,LUUZ,
,,MAEZ,
,,MIEZ,
,,MIUZ,
,,MUAZ,
,,MUIZ,
,,MUUZ,
