relation_1,stim_3_id,relation_2,stim_4_id,stim_5_id,relation_3,stim_6_id,q_stim_1_id,q_rel,q_stim_2_id,correct_response,yes_x_coord,no_x_coord,stage
pride pred,2,pride pred,3,,,,1,pride za,3,no,250,-250,61
pride pred,2,pride pred,3,,,,3,pride za,1,yes,250,-250,61
pride pred,2,pride pred,3,,,,1,pride pred,3,yes,250,-250,61
pride pred,2,pride pred,3,,,,3,pride pred,1,no,250,-250,61
pride pred,2,pride pred,3,,,,1,pride za,3,no,-250,250,61
pride pred,2,pride pred,3,,,,3,pride za,1,yes,-250,250,61
pride pred,2,pride pred,3,,,,1,pride pred,3,yes,-250,250,61
pride pred,2,pride pred,3,,,,3,pride pred,1,no,-250,250,61
