stim_1_id,relation_1,stim_2_id,stim_3_id,relation_2,stim_4_id,stim_5_id,relation_3,stim_6_id,stim_7_id,relation_4,stim_8_id,q_stim_1_id,q_rel,q_stim_2_id,correct_response,q_word,yes_x_coord,no_x_coord,stage
1,je znotraj,2,2,je znotraj,3,,,,,,,1,vsebuje,2,no,Ali,250,-250,88
1,je znotraj,2,2,je znotraj,3,,,,,,,1,vsebuje,3,no,Ali,250,-250,88
1,je znotraj,2,2,je znotraj,3,,,,,,,2,vsebuje,3,no,Ali,250,-250,88
1,je znotraj,2,2,je znotraj,3,,,,,,,3,vsebuje,1,yes,Ali,250,-250,88
1,je znotraj,2,2,je znotraj,3,,,,,,,3,vsebuje,2,yes,Ali,250,-250,88
1,je znotraj,2,2,je znotraj,3,,,,,,,2,vsebuje,1,yes,Ali,250,-250,88
1,je znotraj,2,2,je znotraj,3,,,,,,,1,vsebuje,2,no,Ali,-250,250,88
1,je znotraj,2,2,je znotraj,3,,,,,,,1,vsebuje,3,no,Ali,-250,250,88
1,je znotraj,2,2,je znotraj,3,,,,,,,2,vsebuje,3,no,Ali,-250,250,88
1,je znotraj,2,2,je znotraj,3,,,,,,,3,vsebuje,1,yes,Ali,-250,250,88
1,je znotraj,2,2,je znotraj,3,,,,,,,3,vsebuje,2,yes,Ali,-250,250,88
1,je znotraj,2,2,je znotraj,3,,,,,,,2,vsebuje,1,yes,Ali,-250,250,88