relation_1,stim_3_id,relation_2,stim_4_id,stim_5_id,relation_3,stim_6_id,q_stim_1_id,q_rel,q_stim_2_id,correct_response,yes_x_coord,no_x_coord,stage
je več kot,2,je več kot,3,,,,1,več kot,2,yes,250,-250,32
je več kot,2,je več kot,3,,,,2,več kot,3,yes,250,-250,32
je več kot,2,je več kot,3,,,,1,več kot,3,yes,250,-250,32
je več kot,2,je več kot,3,,,,1,več kot,2,yes,-250,250,32
je več kot,2,je več kot,3,,,,2,več kot,3,yes,-250,250,32
je več kot,2,je več kot,3,,,,1,več kot,3,yes,-250,250,32
