relation_1,stim_3_id,relation_2,stim_4_id,stim_5_id,relation_3,stim_6_id,q_stim_1_id,q_rel,q_stim_2_id,correct_response,yes_x_coord,no_x_coord,stage
je nasprotno,2,je enako,3,,,,3,enako,1,no,250,-250,18
je nasprotno,2,je enako,3,,,,1,enako,3,no,250,-250,18
je enako,2,je nasprotno,3,,,,3,enako,1,no,250,-250,18
je enako,2,je nasprotno,3,,,,1,enako,3,no,250,-250,18
je nasprotno,2,je enako,3,,,,3,enako,1,no,-250,250,18
je nasprotno,2,je enako,3,,,,1,enako,3,no,-250,250,18
je enako,2,je nasprotno,3,,,,3,enako,1,no,-250,250,18
je enako,2,je nasprotno,3,,,,1,enako,3,no,-250,250,18
