relation_1,stim_3_id,relation_2,stim_4_id,stim_5_id,relation_3,stim_6_id,q_stim_1_id,q_rel,q_stim_2_id,correct_response,yes_x_coord,no_x_coord,stage
is more than,,,,,,,1,more than,2,yes,250,-250,30
is more than,,,,,,,2,more than,1,no,250,-250,30
is more than,,,,,,,1,less than,2,no,250,-250,30
is more than,,,,,,,2,less than,1,yes,250,-250,30
is more than,,,,,,,1,more than,2,yes,-250,250,30
is more than,,,,,,,2,more than,1,no,-250,250,30
is more than,,,,,,,1,less than,2,no,-250,250,30
is more than,,,,,,,2,less than,1,yes,-250,250,30
