stim_1_id,relation_1,stim_2_id,stim_3_id,relation_2,stim_4_id,stim_5_id,relation_3,stim_6_id,stim_7_id,relation_4,stim_8_id,q_stim_1_id,q_rel,q_stim_2_id,correct_response,q_word,yes_x_coord,no_x_coord,stage
1,is within,2,2,is within,3,,,,,,,1,contain,2,no,Does,250,-250,88
1,is within,2,2,is within,3,,,,,,,1,contain,3,no,Does,250,-250,88
1,is within,2,2,is within,3,,,,,,,2,contain,3,no,Does,250,-250,88
1,is within,2,2,is within,3,,,,,,,3,contain,1,yes,Does,250,-250,88
1,is within,2,2,is within,3,,,,,,,3,contain,2,yes,Does,250,-250,88
1,is within,2,2,is within,3,,,,,,,2,contain,1,yes,Does,250,-250,88
1,is within,2,2,is within,3,,,,,,,1,contain,2,no,Does,-250,250,88
1,is within,2,2,is within,3,,,,,,,1,contain,3,no,Does,-250,250,88
1,is within,2,2,is within,3,,,,,,,2,contain,3,no,Does,-250,250,88
1,is within,2,2,is within,3,,,,,,,3,contain,1,yes,Does,-250,250,88
1,is within,2,2,is within,3,,,,,,,3,contain,2,yes,Does,-250,250,88
1,is within,2,2,is within,3,,,,,,,2,contain,1,yes,Does,-250,250,88