stim_1_id,relation_1,stim_2_id,stim_3_id,relation_2,stim_4_id,stim_5_id,relation_3,stim_6_id,stim_7_id,relation_4,stim_8_id,q_stim_1_id,q_rel,q_stim_2_id,correct_response,q_word,yes_x_coord,no_x_coord,stage
4,is within,3,1,contains,2,2,contains,3,,,,1,contain,2,yes,Does,250,-250,103
4,is within,3,1,contains,2,2,contains,3,,,,1,contain,3,yes,Does,250,-250,103
4,is within,3,1,contains,2,2,contains,3,,,,1,contain,4,yes,Does,250,-250,103
4,is within,3,1,contains,2,2,contains,3,,,,2,contain,3,yes,Does,250,-250,103
4,is within,3,1,contains,2,2,contains,3,,,,2,contain,4,yes,Does,250,-250,103
4,is within,3,1,contains,2,2,contains,3,,,,3,contain,4,yes,Does,250,-250,103
4,is within,3,1,contains,2,2,contains,3,,,,4,contain,1,no,Does,250,-250,103
4,is within,3,1,contains,2,2,contains,3,,,,4,contain,2,no,Does,250,-250,103
4,is within,3,1,contains,2,2,contains,3,,,,4,contain,3,no,Does,250,-250,103
4,is within,3,1,contains,2,2,contains,3,,,,3,contain,1,no,Does,250,-250,103
4,is within,3,1,contains,2,2,contains,3,,,,3,contain,2,no,Does,250,-250,103
4,is within,3,1,contains,2,2,contains,3,,,,2,contain,1,no,Does,250,-250,103
4,is within,3,1,contains,2,2,contains,3,,,,1,within,2,no,Is,250,-250,103
4,is within,3,1,contains,2,2,contains,3,,,,1,within,3,no,Is,250,-250,103
4,is within,3,1,contains,2,2,contains,3,,,,1,within,4,no,Is,250,-250,103
4,is within,3,1,contains,2,2,contains,3,,,,2,within,3,no,Is,250,-250,103
4,is within,3,1,contains,2,2,contains,3,,,,2,within,4,no,Is,250,-250,103
4,is within,3,1,contains,2,2,contains,3,,,,3,within,4,no,Is,250,-250,103
4,is within,3,1,contains,2,2,contains,3,,,,4,within,1,yes,Is,250,-250,103
4,is within,3,1,contains,2,2,contains,3,,,,4,within,2,yes,Is,250,-250,103
4,is within,3,1,contains,2,2,contains,3,,,,4,within,3,yes,Is,250,-250,103
4,is within,3,1,contains,2,2,contains,3,,,,3,within,1,yes,Is,250,-250,103
4,is within,3,1,contains,2,2,contains,3,,,,3,within,2,yes,Is,250,-250,103
4,is within,3,1,contains,2,2,contains,3,,,,2,within,1,yes,Is,250,-250,103
2,contains,3,3,contains,4,2,is within,1,,,,1,contain,2,yes,Does,250,-250,103
2,contains,3,3,contains,4,2,is within,1,,,,1,contain,3,yes,Does,250,-250,103
2,contains,3,3,contains,4,2,is within,1,,,,1,contain,4,yes,Does,250,-250,103
2,contains,3,3,contains,4,2,is within,1,,,,2,contain,3,yes,Does,250,-250,103
2,contains,3,3,contains,4,2,is within,1,,,,2,contain,4,yes,Does,250,-250,103
2,contains,3,3,contains,4,2,is within,1,,,,3,contain,4,yes,Does,250,-250,103
2,contains,3,3,contains,4,2,is within,1,,,,4,contain,1,no,Does,250,-250,103
2,contains,3,3,contains,4,2,is within,1,,,,4,contain,2,no,Does,250,-250,103
2,contains,3,3,contains,4,2,is within,1,,,,4,contain,3,no,Does,250,-250,103
2,contains,3,3,contains,4,2,is within,1,,,,3,contain,1,no,Does,250,-250,103
2,contains,3,3,contains,4,2,is within,1,,,,3,contain,2,no,Does,250,-250,103
2,contains,3,3,contains,4,2,is within,1,,,,2,contain,1,no,Does,250,-250,103
2,contains,3,3,contains,4,2,is within,1,,,,1,within,2,no,Is,250,-250,103
2,contains,3,3,contains,4,2,is within,1,,,,1,within,3,no,Is,250,-250,103
2,contains,3,3,contains,4,2,is within,1,,,,1,within,4,no,Is,250,-250,103
2,contains,3,3,contains,4,2,is within,1,,,,2,within,3,no,Is,250,-250,103
2,contains,3,3,contains,4,2,is within,1,,,,2,within,4,no,Is,250,-250,103
2,contains,3,3,contains,4,2,is within,1,,,,3,within,4,no,Is,250,-250,103
2,contains,3,3,contains,4,2,is within,1,,,,4,within,1,yes,Is,250,-250,103
2,contains,3,3,contains,4,2,is within,1,,,,4,within,2,yes,Is,250,-250,103
2,contains,3,3,contains,4,2,is within,1,,,,4,within,3,yes,Is,250,-250,103
2,contains,3,3,contains,4,2,is within,1,,,,3,within,1,yes,Is,250,-250,103
2,contains,3,3,contains,4,2,is within,1,,,,3,within,2,yes,Is,250,-250,103
2,contains,3,3,contains,4,2,is within,1,,,,2,within,1,yes,Is,250,-250,103
3,contains,4,3,is within,2,1,contains,2,,,,1,contain,2,yes,Does,250,-250,103
3,contains,4,3,is within,2,1,contains,2,,,,1,contain,3,yes,Does,250,-250,103
3,contains,4,3,is within,2,1,contains,2,,,,1,contain,4,yes,Does,250,-250,103
3,contains,4,3,is within,2,1,contains,2,,,,2,contain,3,yes,Does,250,-250,103
3,contains,4,3,is within,2,1,contains,2,,,,2,contain,4,yes,Does,250,-250,103
3,contains,4,3,is within,2,1,contains,2,,,,3,contain,4,yes,Does,250,-250,103
3,contains,4,3,is within,2,1,contains,2,,,,4,contain,1,no,Does,250,-250,103
3,contains,4,3,is within,2,1,contains,2,,,,4,contain,2,no,Does,250,-250,103
3,contains,4,3,is within,2,1,contains,2,,,,4,contain,3,no,Does,250,-250,103
3,contains,4,3,is within,2,1,contains,2,,,,3,contain,1,no,Does,250,-250,103
3,contains,4,3,is within,2,1,contains,2,,,,3,contain,2,no,Does,250,-250,103
3,contains,4,3,is within,2,1,contains,2,,,,2,contain,1,no,Does,250,-250,103
3,contains,4,3,is within,2,1,contains,2,,,,1,within,2,no,Is,250,-250,103
3,contains,4,3,is within,2,1,contains,2,,,,1,within,3,no,Is,250,-250,103
3,contains,4,3,is within,2,1,contains,2,,,,1,within,4,no,Is,250,-250,103
3,contains,4,3,is within,2,1,contains,2,,,,2,within,3,no,Is,250,-250,103
3,contains,4,3,is within,2,1,contains,2,,,,2,within,4,no,Is,250,-250,103
3,contains,4,3,is within,2,1,contains,2,,,,3,within,4,no,Is,250,-250,103
3,contains,4,3,is within,2,1,contains,2,,,,4,within,1,yes,Is,250,-250,103
3,contains,4,3,is within,2,1,contains,2,,,,4,within,2,yes,Is,250,-250,103
3,contains,4,3,is within,2,1,contains,2,,,,4,within,3,yes,Is,250,-250,103
3,contains,4,3,is within,2,1,contains,2,,,,3,within,1,yes,Is,250,-250,103
3,contains,4,3,is within,2,1,contains,2,,,,3,within,2,yes,Is,250,-250,103
3,contains,4,3,is within,2,1,contains,2,,,,2,within,1,yes,Is,250,-250,103
2,contains,1,2,is within,3,3,is within,4,,,,1,within,2,yes,Is,250,-250,103
2,contains,1,2,is within,3,3,is within,4,,,,1,within,3,yes,Is,250,-250,103
2,contains,1,2,is within,3,3,is within,4,,,,1,within,4,yes,Is,250,-250,103
2,contains,1,2,is within,3,3,is within,4,,,,2,within,3,yes,Is,250,-250,103
2,contains,1,2,is within,3,3,is within,4,,,,2,within,4,yes,Is,250,-250,103
2,contains,1,2,is within,3,3,is within,4,,,,3,within,4,yes,Is,250,-250,103
2,contains,1,2,is within,3,3,is within,4,,,,4,within,1,no,Is,250,-250,103
2,contains,1,2,is within,3,3,is within,4,,,,4,within,2,no,Is,250,-250,103
2,contains,1,2,is within,3,3,is within,4,,,,4,within,3,no,Is,250,-250,103
2,contains,1,2,is within,3,3,is within,4,,,,3,within,1,no,Is,250,-250,103
2,contains,1,2,is within,3,3,is within,4,,,,3,within,2,no,Is,250,-250,103
2,contains,1,2,is within,3,3,is within,4,,,,2,within,1,no,Is,250,-250,103
2,contains,1,2,is within,3,3,is within,4,,,,1,contain,2,no,Does,250,-250,103
2,contains,1,2,is within,3,3,is within,4,,,,1,contain,3,no,Does,250,-250,103
2,contains,1,2,is within,3,3,is within,4,,,,1,contain,4,no,Does,250,-250,103
2,contains,1,2,is within,3,3,is within,4,,,,2,contain,3,no,Does,250,-250,103
2,contains,1,2,is within,3,3,is within,4,,,,2,contain,4,no,Does,250,-250,103
2,contains,1,2,is within,3,3,is within,4,,,,3,contain,4,no,Does,250,-250,103
2,contains,1,2,is within,3,3,is within,4,,,,4,contain,1,yes,Does,250,-250,103
2,contains,1,2,is within,3,3,is within,4,,,,4,contain,2,yes,Does,250,-250,103
2,contains,1,2,is within,3,3,is within,4,,,,4,contain,3,yes,Does,250,-250,103
2,contains,1,2,is within,3,3,is within,4,,,,3,contain,1,yes,Does,250,-250,103
2,contains,1,2,is within,3,3,is within,4,,,,3,contain,2,yes,Does,250,-250,103
2,contains,1,2,is within,3,3,is within,4,,,,2,contain,1,yes,Does,250,-250,103
1,is within,2,3,is within,4,3,contains,2,,,,1,within,2,yes,Is,250,-250,103
1,is within,2,3,is within,4,3,contains,2,,,,1,within,3,yes,Is,250,-250,103
1,is within,2,3,is within,4,3,contains,2,,,,1,within,4,yes,Is,250,-250,103
1,is within,2,3,is within,4,3,contains,2,,,,2,within,3,yes,Is,250,-250,103
1,is within,2,3,is within,4,3,contains,2,,,,2,within,4,yes,Is,250,-250,103
1,is within,2,3,is within,4,3,contains,2,,,,3,within,4,yes,Is,250,-250,103
1,is within,2,3,is within,4,3,contains,2,,,,4,within,1,no,Is,250,-250,103
1,is within,2,3,is within,4,3,contains,2,,,,4,within,2,no,Is,250,-250,103
1,is within,2,3,is within,4,3,contains,2,,,,4,within,3,no,Is,250,-250,103
1,is within,2,3,is within,4,3,contains,2,,,,3,within,1,no,Is,250,-250,103
1,is within,2,3,is within,4,3,contains,2,,,,3,within,2,no,Is,250,-250,103
1,is within,2,3,is within,4,3,contains,2,,,,2,within,1,no,Is,250,-250,103
1,is within,2,3,is within,4,3,contains,2,,,,1,contain,2,no,Does,250,-250,103
1,is within,2,3,is within,4,3,contains,2,,,,1,contain,3,no,Does,250,-250,103
1,is within,2,3,is within,4,3,contains,2,,,,1,contain,4,no,Does,250,-250,103
1,is within,2,3,is within,4,3,contains,2,,,,2,contain,3,no,Does,250,-250,103
1,is within,2,3,is within,4,3,contains,2,,,,2,contain,4,no,Does,250,-250,103
1,is within,2,3,is within,4,3,contains,2,,,,3,contain,4,no,Does,250,-250,103
1,is within,2,3,is within,4,3,contains,2,,,,4,contain,1,yes,Does,250,-250,103
1,is within,2,3,is within,4,3,contains,2,,,,4,contain,2,yes,Does,250,-250,103
1,is within,2,3,is within,4,3,contains,2,,,,4,contain,3,yes,Does,250,-250,103
1,is within,2,3,is within,4,3,contains,2,,,,3,contain,1,yes,Does,250,-250,103
1,is within,2,3,is within,4,3,contains,2,,,,3,contain,2,yes,Does,250,-250,103
1,is within,2,3,is within,4,3,contains,2,,,,2,contain,1,yes,Does,250,-250,103
2,is within,3,4,contains,3,1,is within,2,,,,1,within,2,yes,Is,250,-250,103
2,is within,3,4,contains,3,1,is within,2,,,,1,within,3,yes,Is,250,-250,103
2,is within,3,4,contains,3,1,is within,2,,,,1,within,4,yes,Is,250,-250,103
2,is within,3,4,contains,3,1,is within,2,,,,2,within,3,yes,Is,250,-250,103
2,is within,3,4,contains,3,1,is within,2,,,,2,within,4,yes,Is,250,-250,103
2,is within,3,4,contains,3,1,is within,2,,,,3,within,4,yes,Is,250,-250,103
2,is within,3,4,contains,3,1,is within,2,,,,4,within,1,no,Is,250,-250,103
2,is within,3,4,contains,3,1,is within,2,,,,4,within,2,no,Is,250,-250,103
2,is within,3,4,contains,3,1,is within,2,,,,4,within,3,no,Is,250,-250,103
2,is within,3,4,contains,3,1,is within,2,,,,3,within,1,no,Is,250,-250,103
2,is within,3,4,contains,3,1,is within,2,,,,3,within,2,no,Is,250,-250,103
2,is within,3,4,contains,3,1,is within,2,,,,2,within,1,no,Is,250,-250,103
2,is within,3,4,contains,3,1,is within,2,,,,1,contain,2,no,Does,250,-250,103
2,is within,3,4,contains,3,1,is within,2,,,,1,contain,3,no,Does,250,-250,103
2,is within,3,4,contains,3,1,is within,2,,,,1,contain,4,no,Does,250,-250,103
2,is within,3,4,contains,3,1,is within,2,,,,2,contain,3,no,Does,250,-250,103
2,is within,3,4,contains,3,1,is within,2,,,,2,contain,4,no,Does,250,-250,103
2,is within,3,4,contains,3,1,is within,2,,,,3,contain,4,no,Does,250,-250,103
2,is within,3,4,contains,3,1,is within,2,,,,4,contain,1,yes,Does,250,-250,103
2,is within,3,4,contains,3,1,is within,2,,,,4,contain,2,yes,Does,250,-250,103
2,is within,3,4,contains,3,1,is within,2,,,,4,contain,3,yes,Does,250,-250,103
2,is within,3,4,contains,3,1,is within,2,,,,3,contain,1,yes,Does,250,-250,103
2,is within,3,4,contains,3,1,is within,2,,,,3,contain,2,yes,Does,250,-250,103
2,is within,3,4,contains,3,1,is within,2,,,,2,contain,1,yes,Does,250,-250,103
4,is within,3,1,contains,2,2,contains,3,,,,1,contain,2,yes,Does,-250,250,103
4,is within,3,1,contains,2,2,contains,3,,,,1,contain,3,yes,Does,-250,250,103
4,is within,3,1,contains,2,2,contains,3,,,,1,contain,4,yes,Does,-250,250,103
4,is within,3,1,contains,2,2,contains,3,,,,2,contain,3,yes,Does,-250,250,103
4,is within,3,1,contains,2,2,contains,3,,,,2,contain,4,yes,Does,-250,250,103
4,is within,3,1,contains,2,2,contains,3,,,,3,contain,4,yes,Does,-250,250,103
4,is within,3,1,contains,2,2,contains,3,,,,4,contain,1,no,Does,-250,250,103
4,is within,3,1,contains,2,2,contains,3,,,,4,contain,2,no,Does,-250,250,103
4,is within,3,1,contains,2,2,contains,3,,,,4,contain,3,no,Does,-250,250,103
4,is within,3,1,contains,2,2,contains,3,,,,3,contain,1,no,Does,-250,250,103
4,is within,3,1,contains,2,2,contains,3,,,,3,contain,2,no,Does,-250,250,103
4,is within,3,1,contains,2,2,contains,3,,,,2,contain,1,no,Does,-250,250,103
4,is within,3,1,contains,2,2,contains,3,,,,1,within,2,no,Is,-250,250,103
4,is within,3,1,contains,2,2,contains,3,,,,1,within,3,no,Is,-250,250,103
4,is within,3,1,contains,2,2,contains,3,,,,1,within,4,no,Is,-250,250,103
4,is within,3,1,contains,2,2,contains,3,,,,2,within,3,no,Is,-250,250,103
4,is within,3,1,contains,2,2,contains,3,,,,2,within,4,no,Is,-250,250,103
4,is within,3,1,contains,2,2,contains,3,,,,3,within,4,no,Is,-250,250,103
4,is within,3,1,contains,2,2,contains,3,,,,4,within,1,yes,Is,-250,250,103
4,is within,3,1,contains,2,2,contains,3,,,,4,within,2,yes,Is,-250,250,103
4,is within,3,1,contains,2,2,contains,3,,,,4,within,3,yes,Is,-250,250,103
4,is within,3,1,contains,2,2,contains,3,,,,3,within,1,yes,Is,-250,250,103
4,is within,3,1,contains,2,2,contains,3,,,,3,within,2,yes,Is,-250,250,103
4,is within,3,1,contains,2,2,contains,3,,,,2,within,1,yes,Is,-250,250,103
2,contains,3,3,contains,4,2,is within,1,,,,1,contain,2,yes,Does,-250,250,103
2,contains,3,3,contains,4,2,is within,1,,,,1,contain,3,yes,Does,-250,250,103
2,contains,3,3,contains,4,2,is within,1,,,,1,contain,4,yes,Does,-250,250,103
2,contains,3,3,contains,4,2,is within,1,,,,2,contain,3,yes,Does,-250,250,103
2,contains,3,3,contains,4,2,is within,1,,,,2,contain,4,yes,Does,-250,250,103
2,contains,3,3,contains,4,2,is within,1,,,,3,contain,4,yes,Does,-250,250,103
2,contains,3,3,contains,4,2,is within,1,,,,4,contain,1,no,Does,-250,250,103
2,contains,3,3,contains,4,2,is within,1,,,,4,contain,2,no,Does,-250,250,103
2,contains,3,3,contains,4,2,is within,1,,,,4,contain,3,no,Does,-250,250,103
2,contains,3,3,contains,4,2,is within,1,,,,3,contain,1,no,Does,-250,250,103
2,contains,3,3,contains,4,2,is within,1,,,,3,contain,2,no,Does,-250,250,103
2,contains,3,3,contains,4,2,is within,1,,,,2,contain,1,no,Does,-250,250,103
2,contains,3,3,contains,4,2,is within,1,,,,1,within,2,no,Is,-250,250,103
2,contains,3,3,contains,4,2,is within,1,,,,1,within,3,no,Is,-250,250,103
2,contains,3,3,contains,4,2,is within,1,,,,1,within,4,no,Is,-250,250,103
2,contains,3,3,contains,4,2,is within,1,,,,2,within,3,no,Is,-250,250,103
2,contains,3,3,contains,4,2,is within,1,,,,2,within,4,no,Is,-250,250,103
2,contains,3,3,contains,4,2,is within,1,,,,3,within,4,no,Is,-250,250,103
2,contains,3,3,contains,4,2,is within,1,,,,4,within,1,yes,Is,-250,250,103
2,contains,3,3,contains,4,2,is within,1,,,,4,within,2,yes,Is,-250,250,103
2,contains,3,3,contains,4,2,is within,1,,,,4,within,3,yes,Is,-250,250,103
2,contains,3,3,contains,4,2,is within,1,,,,3,within,1,yes,Is,-250,250,103
2,contains,3,3,contains,4,2,is within,1,,,,3,within,2,yes,Is,-250,250,103
2,contains,3,3,contains,4,2,is within,1,,,,2,within,1,yes,Is,-250,250,103
3,contains,4,3,is within,2,1,contains,2,,,,1,contain,2,yes,Does,-250,250,103
3,contains,4,3,is within,2,1,contains,2,,,,1,contain,3,yes,Does,-250,250,103
3,contains,4,3,is within,2,1,contains,2,,,,1,contain,4,yes,Does,-250,250,103
3,contains,4,3,is within,2,1,contains,2,,,,2,contain,3,yes,Does,-250,250,103
3,contains,4,3,is within,2,1,contains,2,,,,2,contain,4,yes,Does,-250,250,103
3,contains,4,3,is within,2,1,contains,2,,,,3,contain,4,yes,Does,-250,250,103
3,contains,4,3,is within,2,1,contains,2,,,,4,contain,1,no,Does,-250,250,103
3,contains,4,3,is within,2,1,contains,2,,,,4,contain,2,no,Does,-250,250,103
3,contains,4,3,is within,2,1,contains,2,,,,4,contain,3,no,Does,-250,250,103
3,contains,4,3,is within,2,1,contains,2,,,,3,contain,1,no,Does,-250,250,103
3,contains,4,3,is within,2,1,contains,2,,,,3,contain,2,no,Does,-250,250,103
3,contains,4,3,is within,2,1,contains,2,,,,2,contain,1,no,Does,-250,250,103
3,contains,4,3,is within,2,1,contains,2,,,,1,within,2,no,Is,-250,250,103
3,contains,4,3,is within,2,1,contains,2,,,,1,within,3,no,Is,-250,250,103
3,contains,4,3,is within,2,1,contains,2,,,,1,within,4,no,Is,-250,250,103
3,contains,4,3,is within,2,1,contains,2,,,,2,within,3,no,Is,-250,250,103
3,contains,4,3,is within,2,1,contains,2,,,,2,within,4,no,Is,-250,250,103
3,contains,4,3,is within,2,1,contains,2,,,,3,within,4,no,Is,-250,250,103
3,contains,4,3,is within,2,1,contains,2,,,,4,within,1,yes,Is,-250,250,103
3,contains,4,3,is within,2,1,contains,2,,,,4,within,2,yes,Is,-250,250,103
3,contains,4,3,is within,2,1,contains,2,,,,4,within,3,yes,Is,-250,250,103
3,contains,4,3,is within,2,1,contains,2,,,,3,within,1,yes,Is,-250,250,103
3,contains,4,3,is within,2,1,contains,2,,,,3,within,2,yes,Is,-250,250,103
3,contains,4,3,is within,2,1,contains,2,,,,2,within,1,yes,Is,-250,250,103
2,contains,1,2,is within,3,3,is within,4,,,,1,within,2,yes,Is,-250,250,103
2,contains,1,2,is within,3,3,is within,4,,,,1,within,3,yes,Is,-250,250,103
2,contains,1,2,is within,3,3,is within,4,,,,1,within,4,yes,Is,-250,250,103
2,contains,1,2,is within,3,3,is within,4,,,,2,within,3,yes,Is,-250,250,103
2,contains,1,2,is within,3,3,is within,4,,,,2,within,4,yes,Is,-250,250,103
2,contains,1,2,is within,3,3,is within,4,,,,3,within,4,yes,Is,-250,250,103
2,contains,1,2,is within,3,3,is within,4,,,,4,within,1,no,Is,-250,250,103
2,contains,1,2,is within,3,3,is within,4,,,,4,within,2,no,Is,-250,250,103
2,contains,1,2,is within,3,3,is within,4,,,,4,within,3,no,Is,-250,250,103
2,contains,1,2,is within,3,3,is within,4,,,,3,within,1,no,Is,-250,250,103
2,contains,1,2,is within,3,3,is within,4,,,,3,within,2,no,Is,-250,250,103
2,contains,1,2,is within,3,3,is within,4,,,,2,within,1,no,Is,-250,250,103
2,contains,1,2,is within,3,3,is within,4,,,,1,contain,2,no,Does,-250,250,103
2,contains,1,2,is within,3,3,is within,4,,,,1,contain,3,no,Does,-250,250,103
2,contains,1,2,is within,3,3,is within,4,,,,1,contain,4,no,Does,-250,250,103
2,contains,1,2,is within,3,3,is within,4,,,,2,contain,3,no,Does,-250,250,103
2,contains,1,2,is within,3,3,is within,4,,,,2,contain,4,no,Does,-250,250,103
2,contains,1,2,is within,3,3,is within,4,,,,3,contain,4,no,Does,-250,250,103
2,contains,1,2,is within,3,3,is within,4,,,,4,contain,1,yes,Does,-250,250,103
2,contains,1,2,is within,3,3,is within,4,,,,4,contain,2,yes,Does,-250,250,103
2,contains,1,2,is within,3,3,is within,4,,,,4,contain,3,yes,Does,-250,250,103
2,contains,1,2,is within,3,3,is within,4,,,,3,contain,1,yes,Does,-250,250,103
2,contains,1,2,is within,3,3,is within,4,,,,3,contain,2,yes,Does,-250,250,103
2,contains,1,2,is within,3,3,is within,4,,,,2,contain,1,yes,Does,-250,250,103
1,is within,2,3,is within,4,3,contains,2,,,,1,within,2,yes,Is,-250,250,103
1,is within,2,3,is within,4,3,contains,2,,,,1,within,3,yes,Is,-250,250,103
1,is within,2,3,is within,4,3,contains,2,,,,1,within,4,yes,Is,-250,250,103
1,is within,2,3,is within,4,3,contains,2,,,,2,within,3,yes,Is,-250,250,103
1,is within,2,3,is within,4,3,contains,2,,,,2,within,4,yes,Is,-250,250,103
1,is within,2,3,is within,4,3,contains,2,,,,3,within,4,yes,Is,-250,250,103
1,is within,2,3,is within,4,3,contains,2,,,,4,within,1,no,Is,-250,250,103
1,is within,2,3,is within,4,3,contains,2,,,,4,within,2,no,Is,-250,250,103
1,is within,2,3,is within,4,3,contains,2,,,,4,within,3,no,Is,-250,250,103
1,is within,2,3,is within,4,3,contains,2,,,,3,within,1,no,Is,-250,250,103
1,is within,2,3,is within,4,3,contains,2,,,,3,within,2,no,Is,-250,250,103
1,is within,2,3,is within,4,3,contains,2,,,,2,within,1,no,Is,-250,250,103
1,is within,2,3,is within,4,3,contains,2,,,,1,contain,2,no,Does,-250,250,103
1,is within,2,3,is within,4,3,contains,2,,,,1,contain,3,no,Does,-250,250,103
1,is within,2,3,is within,4,3,contains,2,,,,1,contain,4,no,Does,-250,250,103
1,is within,2,3,is within,4,3,contains,2,,,,2,contain,3,no,Does,-250,250,103
1,is within,2,3,is within,4,3,contains,2,,,,2,contain,4,no,Does,-250,250,103
1,is within,2,3,is within,4,3,contains,2,,,,3,contain,4,no,Does,-250,250,103
1,is within,2,3,is within,4,3,contains,2,,,,4,contain,1,yes,Does,-250,250,103
1,is within,2,3,is within,4,3,contains,2,,,,4,contain,2,yes,Does,-250,250,103
1,is within,2,3,is within,4,3,contains,2,,,,4,contain,3,yes,Does,-250,250,103
1,is within,2,3,is within,4,3,contains,2,,,,3,contain,1,yes,Does,-250,250,103
1,is within,2,3,is within,4,3,contains,2,,,,3,contain,2,yes,Does,-250,250,103
1,is within,2,3,is within,4,3,contains,2,,,,2,contain,1,yes,Does,-250,250,103
2,is within,3,4,contains,3,1,is within,2,,,,1,within,2,yes,Is,-250,250,103
2,is within,3,4,contains,3,1,is within,2,,,,1,within,3,yes,Is,-250,250,103
2,is within,3,4,contains,3,1,is within,2,,,,1,within,4,yes,Is,-250,250,103
2,is within,3,4,contains,3,1,is within,2,,,,2,within,3,yes,Is,-250,250,103
2,is within,3,4,contains,3,1,is within,2,,,,2,within,4,yes,Is,-250,250,103
2,is within,3,4,contains,3,1,is within,2,,,,3,within,4,yes,Is,-250,250,103
2,is within,3,4,contains,3,1,is within,2,,,,4,within,1,no,Is,-250,250,103
2,is within,3,4,contains,3,1,is within,2,,,,4,within,2,no,Is,-250,250,103
2,is within,3,4,contains,3,1,is within,2,,,,4,within,3,no,Is,-250,250,103
2,is within,3,4,contains,3,1,is within,2,,,,3,within,1,no,Is,-250,250,103
2,is within,3,4,contains,3,1,is within,2,,,,3,within,2,no,Is,-250,250,103
2,is within,3,4,contains,3,1,is within,2,,,,2,within,1,no,Is,-250,250,103
2,is within,3,4,contains,3,1,is within,2,,,,1,contain,2,no,Does,-250,250,103
2,is within,3,4,contains,3,1,is within,2,,,,1,contain,3,no,Does,-250,250,103
2,is within,3,4,contains,3,1,is within,2,,,,1,contain,4,no,Does,-250,250,103
2,is within,3,4,contains,3,1,is within,2,,,,2,contain,3,no,Does,-250,250,103
2,is within,3,4,contains,3,1,is within,2,,,,2,contain,4,no,Does,-250,250,103
2,is within,3,4,contains,3,1,is within,2,,,,3,contain,4,no,Does,-250,250,103
2,is within,3,4,contains,3,1,is within,2,,,,4,contain,1,yes,Does,-250,250,103
2,is within,3,4,contains,3,1,is within,2,,,,4,contain,2,yes,Does,-250,250,103
2,is within,3,4,contains,3,1,is within,2,,,,4,contain,3,yes,Does,-250,250,103
2,is within,3,4,contains,3,1,is within,2,,,,3,contain,1,yes,Does,-250,250,103
2,is within,3,4,contains,3,1,is within,2,,,,3,contain,2,yes,Does,-250,250,103
2,is within,3,4,contains,3,1,is within,2,,,,2,contain,1,yes,Does,-250,250,103