relation_1,stim_3_id,relation_2,stim_4_id,stim_5_id,relation_3,stim_6_id,q_stim_1_id,q_rel,q_stim_2_id,correct_response,yes_x_coord,no_x_coord,stage
comes after,2,comes after,3,,,,1,come before,3,no,250,-250,64
comes after,2,comes after,3,,,,3,come before,1,yes,250,-250,64
comes after,2,comes after,3,,,,2,come before,3,no,250,-250,64
comes after,2,comes after,3,,,,3,come before,2,yes,250,-250,64
comes after,2,comes after,3,,,,2,come before,1,yes,250,-250,64
comes after,2,comes after,3,,,,1,come before,2,no,250,-250,64
comes after,2,comes after,3,,,,1,come before,3,no,-250,250,64
comes after,2,comes after,3,,,,3,come before,1,yes,-250,250,64
comes after,2,comes after,3,,,,2,come before,3,no,-250,250,64
comes after,2,comes after,3,,,,3,come before,2,yes,-250,250,64
comes after,2,comes after,3,,,,2,come before,1,yes,-250,250,64
comes after,2,comes after,3,,,,1,come before,2,no,-250,250,64
