relation_1,stim_3_id,relation_2,stim_4_id,stim_5_id,relation_3,stim_6_id,q_stim_1_id,q_rel,q_stim_2_id,correct_response,yes_x_coord,no_x_coord,stage
comes after,2,comes after,3,,,,1,come after,3,yes,250,-250,63
comes after,2,comes after,3,,,,3,come after,1,no,250,-250,63
comes after,2,comes after,3,,,,2,come after,3,yes,250,-250,63
comes after,2,comes after,3,,,,3,come after,2,no,250,-250,63
comes after,2,comes after,3,,,,2,come after,1,no,250,-250,63
comes after,2,comes after,3,,,,1,come after,2,yes,250,-250,63
comes after,2,comes after,3,,,,1,come after,3,yes,-250,250,63
comes after,2,comes after,3,,,,3,come after,1,no,-250,250,63
comes after,2,comes after,3,,,,2,come after,3,yes,-250,250,63
comes after,2,comes after,3,,,,3,come after,2,no,-250,250,63
comes after,2,comes after,3,,,,2,come after,1,no,-250,250,63
comes after,2,comes after,3,,,,1,come after,2,yes,-250,250,63
